Date,Open,High,Low,Close,Volume
07-01-2000,0.936380029,1.004459977,0.848209977,0.888390005,3054589888
14-01-2000,0.910709977,0.912949979,0.772319973,0.896759987,3345689424
21-01-2000,0.901780009,1.084820032,0.896759987,0.993860006,3383881648
28-01-2000,0.968190014,1.019530058,0.898440003,0.907369971,2068854592
04-02-2000,0.901780009,0.982140005,0.84375,0.964280009,2384426128
11-02-2000,0.964280009,1.045760036,0.945869982,0.970979989,1664310032
18-02-2000,0.976000011,1.070870042,0.969869971,0.993300021,1754470368
25-02-2000,0.983259976,1.063619971,0.952570021,0.985490024,1520972544
03-03-2000,0.983259976,1.179129958,0.967630029,1.142860055,2408920416
10-03-2000,1.125,1.152899981,1.055799961,1.122769952,1280127408
17-03-2000,1.090399981,1.129459977,1.017860055,1.116070032,1860097456
24-03-2000,1.102679968,1.342630029,1.085940003,1.238280058,2306294816
31-03-2000,1.228790045,1.292410016,1.119979978,1.212610006,1541076432
07-04-2000,1.209820032,1.245530009,1.042410016,1.176339984,1948644880
14-04-2000,1.175780058,1.185269952,0.936380029,0.998880029,2893063264
20-04-2000,0.977680027,1.162950039,0.973770022,1.061380029,2042792192
28-04-2000,1.026780009,1.149549961,1.024549961,1.10769999,1778359856
05-05-2000,1.114949942,1.127230048,0.987160027,1.010040045,1636019056
12-05-2000,1.000839949,1.015069962,0.881699979,0.960940003,1853791856
19-05-2000,0.964839995,0.973770022,0.833700001,0.839280009,2631923952
26-05-2000,0.837050021,0.837050021,0.741069973,0.771200001,2539568640
02-06-2000,0.782369971,0.890619993,0.717630029,0.82644999,2843257088
09-06-2000,0.833150029,0.879459977,0.800779998,0.854910016,1677055856
16-06-2000,0.860490024,0.86105001,0.787389994,0.814170003,1471378832
23-06-2000,0.808589995,1.029019952,0.801900029,0.922989011,2058091448
30-06-2000,0.9375,0.991069973,0.911830008,0.935270011,1202013064
07-07-2000,0.930800021,0.985489011,0.886161029,0.972100019,909138384
14-07-2000,0.965960979,1.082589984,0.959819973,1.030130029,1617063112
21-07-2000,1.040179968,1.051339984,0.924111009,0.956470013,1698089568
28-07-2000,0.938619971,0.950888991,0.837050021,0.862720013,1367190832
04-08-2000,0.877789021,0.921869993,0.790180027,0.845979989,1057958496
11-08-2000,0.854911029,0.876119971,0.813619971,0.85156101,1233434720
18-08-2000,0.84988898,0.936380029,0.827010989,0.892861009,875611128
25-08-2000,0.897319973,1.026780009,0.886161029,1.014510036,1293360320
01-09-2000,1.022320032,1.136160016,1.018970013,1.132809997,1587898256
08-09-2000,1.118860006,1.145089984,1.03125,1.051339984,1067030552
15-09-2000,1.047989964,1.078119993,0.96875,0.986329973,1502431000
22-09-2000,0.986611009,1.097100019,0.892861009,0.931919992,2161193216
29-09-2000,0.94196099,0.991069973,0.453119993,0.459820002,9534737408
06-10-2000,0.47656101,0.477679998,0.375,0.396200001,7415056880
13-10-2000,0.404020011,0.408479989,0.341520011,0.393970013,4926039216
20-10-2000,0.39843899,0.415179998,0.327010989,0.34821099,4554153968
27-10-2000,0.357138991,0.372770011,0.3125,0.331470013,3486076104
03-11-2000,0.341520011,0.41071099,0.334820002,0.397320002,3206955080
10-11-2000,0.400669992,0.404020011,0.34040001,0.34040001,2016729904
17-11-2000,0.334820002,0.366070002,0.325888991,0.330361009,1808728880
24-11-2000,0.332029998,0.34821099,0.325888991,0.344870001,1151484264
01-12-2000,0.354911,0.356029987,0.287950009,0.30468899,2215418016
08-12-2000,0.306919992,0.311379999,0.25,0.268970013,3204524624
15-12-2000,0.271210998,0.28571099,0.25,0.251120001,1840923280
22-12-2000,0.260039002,0.272320002,0.243300006,0.267861009,1950140192
29-12-2000,0.265619993,0.267861009,0.25334999,0.265619993,1478563744
05-01-2001,0.265619993,0.330361009,0.25781101,0.292411,2421151152
12-01-2001,0.302460998,0.330361009,0.28459999,0.306919992,2770625032
19-01-2001,0.311379999,0.349330008,0.294638991,0.34821099,3151235024
26-01-2001,0.34040001,0.373879999,0.329239011,0.349330008,3088520512
02-02-2001,0.349330008,0.40178901,0.349330008,0.368299991,3077113368
09-02-2001,0.366070002,0.38281101,0.333710998,0.341520011,2377023040
16-02-2001,0.34040001,0.36718899,0.330361009,0.33928901,1395767632
23-02-2001,0.342629999,0.356029987,0.321429998,0.33593899,1431098088
02-03-2001,0.34040001,0.364950001,0.306919992,0.34375,1799897680
09-03-2001,0.345979989,0.393970013,0.341520011,0.361611009,1979512248
16-03-2001,0.35156101,0.381700009,0.323661,0.350450009,2311844528
23-03-2001,0.352679998,0.420760989,0.345979989,0.41071099,2895415488
30-03-2001,0.413038999,0.424111009,0.377319992,0.394111007,2877937944
06-04-2001,0.394461006,0.404639006,0.334820002,0.367680013,2167000416
12-04-2001,0.369461,0.411069989,0.358211011,0.400361001,1357010032
20-04-2001,0.394461006,0.459820002,0.349999994,0.447138995,4652316536
27-04-2001,0.434639007,0.469460994,0.419820011,0.467860997,2514531152
04-05-2001,0.476788998,0.48428899,0.427861005,0.459820002,1873330536
11-05-2001,0.457500011,0.460000008,0.406430006,0.408039004,1409022832
18-05-2001,0.408749998,0.443749994,0.40625,0.420179993,1360313976
25-05-2001,0.42196101,0.43088901,0.40178901,0.406430006,1589085456
01-06-2001,0.398570001,0.40178901,0.344639003,0.373039007,2192138872
08-06-2001,0.376430005,0.387499988,0.363038987,0.380710989,1644811112
15-06-2001,0.375889003,0.388038993,0.345539004,0.36500001,1861604192
22-06-2001,0.364461005,0.41071099,0.356788993,0.397500008,1726033624
29-06-2001,0.40178901,0.448211014,0.400889009,0.415179998,1999011448
06-07-2001,0.422138989,0.432680011,0.387861013,0.393388987,797961528
13-07-2001,0.394461006,0.446610987,0.372139007,0.443749994,2272986184
20-07-2001,0.444288999,0.450361013,0.348039001,0.356788993,3373196792
27-07-2001,0.358749986,0.366070002,0.318789005,0.338569999,1738465568
03-08-2001,0.341430008,0.355361015,0.330538988,0.34821099,1220694720
10-08-2001,0.340000004,0.351788998,0.331070006,0.339639008,932014384
17-08-2001,0.341069996,0.345710993,0.320888996,0.322679996,1162768264
24-08-2001,0.323929995,0.332500011,0.313930005,0.331611007,1120913808
31-08-2001,0.332138985,0.344639003,0.308569998,0.331250012,1173363464
07-09-2001,0.330361009,0.340710998,0.307139009,0.308569998,1232561176
21-09-2001,0.303570002,0.31645,0.262138993,0.280889004,2451290296
28-09-2001,0.28768,0.300788999,0.26661101,0.276960999,1845963280
05-10-2001,0.276611,0.290179998,0.264820009,0.288210988,1891760248
12-10-2001,0.278039008,0.322860986,0.27678901,0.321610987,1312327576
19-10-2001,0.320538998,0.328750014,0.302861005,0.326788992,1587433400
26-10-2001,0.325179994,0.346789002,0.31696099,0.333389014,1985308192
02-11-2001,0.331611007,0.336789012,0.304639012,0.331611007,1300164320
09-11-2001,0.336430013,0.35946101,0.330888987,0.334111005,1411178888
16-11-2001,0.333211005,0.355361015,0.320710987,0.338750005,1091048952
23-11-2001,0.33928901,0.360711008,0.338569999,0.354288995,870845528
30-11-2001,0.356070012,0.384820014,0.354999989,0.380360991,1486958144
07-12-2001,0.376069993,0.429111004,0.367861003,0.402500004,1672822368
14-12-2001,0.398039013,0.410539001,0.358749986,0.364111006,955674440
21-12-2001,0.364288986,0.387138993,0.360538989,0.375,1176213864
28-12-2001,0.373210996,0.41071099,0.373210996,0.400539011,687814960
04-01-2002,0.401960999,0.427679986,0.389820009,0.423038989,1692377568
11-01-2002,0.423570007,0.428570002,0.361770004,0.375889003,2024301104
18-01-2002,0.375180006,0.406069994,0.366070002,0.395889014,2275690984
25-01-2002,0.397680014,0.419820011,0.385538995,0.415179998,1300528376
01-02-2002,0.417861015,0.445710987,0.405710995,0.435889006,1765144080
08-02-2002,0.434289008,0.463930011,0.417320013,0.429111004,2280092584
15-02-2002,0.427320004,0.450711012,0.423929989,0.426788986,1456314944
22-02-2002,0.424288988,0.426788986,0.383038998,0.406069994,1529019800
01-03-2002,0.408039004,0.441430002,0.373930007,0.418749988,2525568808
08-03-2002,0.415360987,0.448038995,0.406430006,0.440360993,1377304432
15-03-2002,0.439289004,0.448929995,0.426411003,0.445538998,1175810608
22-03-2002,0.445538998,0.451788992,0.415360987,0.430180013,1641014368
28-03-2002,0.429820001,0.430180013,0.41071099,0.422679991,756431816
05-04-2002,0.417499989,0.449820012,0.415710986,0.441789001,1234218664
12-04-2002,0.431430012,0.450019985,0.424638987,0.44749999,1405696488
19-04-2002,0.44749999,0.467319995,0.442860991,0.446069986,2096910760
26-04-2002,0.443569988,0.445179999,0.41071099,0.410889,1143666608
03-05-2002,0.413569987,0.435360998,0.412319988,0.419820011,1238827520
10-05-2002,0.416961014,0.437860996,0.395361006,0.416429996,1389977288
17-05-2002,0.419999987,0.463930011,0.409639001,0.446610987,1591840712
24-05-2002,0.438749999,0.450711012,0.416429996,0.431250006,1377623632
31-05-2002,0.423038989,0.436430007,0.415710986,0.416070014,935379984
07-06-2002,0.417679995,0.418749988,0.373750001,0.382138997,1732535168
14-06-2002,0.383569986,0.389999986,0.323388994,0.358929992,1933838592
21-06-2002,0.361429989,0.36838901,0.299820006,0.300888985,3244906280
28-06-2002,0.299461007,0.318210989,0.285360992,0.316430002,1815454424
05-07-2002,0.316249996,0.334820002,0.299111009,0.334639013,895524784
12-07-2002,0.330711007,0.335539013,0.303039014,0.3125,1461942888
19-07-2002,0.311250001,0.332138985,0.259460986,0.267138988,2904201888
26-07-2002,0.263388991,0.271789014,0.246429995,0.256069988,1931098736
02-08-2002,0.258569986,0.276960999,0.25446099,0.258038998,1352819888
09-08-2002,0.258929998,0.27463901,0.249460995,0.267861009,1244806976
16-08-2002,0.266070008,0.287499994,0.259638995,0.282319993,1418544288
23-08-2002,0.281610996,0.290179998,0.275889009,0.280889004,1032045000
30-08-2002,0.28481999,0.28481999,0.259110987,0.263388991,1061609920
06-09-2002,0.258749992,0.263929993,0.250889003,0.256788999,1107103312
13-09-2002,0.254999995,0.260711014,0.250889003,0.253039002,1164283736
20-09-2002,0.252499998,0.269461006,0.252139002,0.26553899,1605008944
27-09-2002,0.263570011,0.27125001,0.257138997,0.262861013,1185682680
04-10-2002,0.257319987,0.261249989,0.249980003,0.250539005,1220788016
11-10-2002,0.249460995,0.263929993,0.238570005,0.259110987,1674279992
18-10-2002,0.259820014,0.272320002,0.248210996,0.256069988,1670288816
25-10-2002,0.254639,0.275889009,0.25,0.275361001,1121362816
01-11-2002,0.27768001,0.294638991,0.267138988,0.292138994,1367157400
08-11-2002,0.294638991,0.310360998,0.277139008,0.282860994,1336330520
15-11-2002,0.281230003,0.293038994,0.270000011,0.28481999,894816944
22-11-2002,0.289110988,0.293570012,0.268038988,0.285889,1235032344
29-11-2002,0.285889,0.288210988,0.272680014,0.27678901,871920168
06-12-2002,0.283930004,0.287499994,0.258929998,0.266961008,1445416056
13-12-2002,0.266788989,0.27768001,0.261611015,0.264111012,1114825880
20-12-2002,0.264461011,0.27125001,0.246069998,0.252499998,1294463968
27-12-2002,0.252860993,0.264461011,0.250180006,0.251069993,332034024
03-01-2003,0.251430005,0.26661101,0.247139007,0.266070008,688385768
10-01-2003,0.268388987,0.27463901,0.257860988,0.262861013,1359527624
17-01-2003,0.266070008,0.266070008,0.251430005,0.251789004,1569930096
24-01-2003,0.253749996,0.257319987,0.242138997,0.246429995,1004735592
31-01-2003,0.244288996,0.269638985,0.243750006,0.25643,1803262272
07-02-2003,0.257319987,0.26661101,0.251249999,0.252680004,1258546520
14-02-2003,0.254639,0.262861013,0.251069993,0.261961013,1016844024
21-02-2003,0.263388991,0.273211002,0.261611015,0.267861009,916277880
28-02-2003,0.265361011,0.269461006,0.258569986,0.268038988,940483152
07-03-2003,0.268038988,0.270711005,0.255539,0.259460986,709320528
14-03-2003,0.259110987,0.268038988,0.251069993,0.263929993,1012452616
21-03-2003,0.265888989,0.270538986,0.260711014,0.267861009,1235805984
28-03-2003,0.261961013,0.264820009,0.255360991,0.260179996,775447120
04-04-2003,0.256049991,0.262499988,0.250710994,0.257319987,877929752
11-04-2003,0.265179992,0.266961008,0.230889007,0.235710993,1976340688
17-04-2003,0.244819999,0.245538995,0.227138996,0.234289005,2446099656
25-04-2003,0.234460995,0.243388996,0.231788993,0.238389,1200804192
02-05-2003,0.240711004,0.260538995,0.239820004,0.258038998,2223345152
09-05-2003,0.263749987,0.328570008,0.263388991,0.326788992,5409665688
16-05-2003,0.324111015,0.33928901,0.320538998,0.335711002,1848906976
23-05-2003,0.330888987,0.333038986,0.314289004,0.32713899,1557807720
30-05-2003,0.320710987,0.337500006,0.313039005,0.320538998,1347898832
06-06-2003,0.323211014,0.326611012,0.303930014,0.306250006,1499254344
13-06-2003,0.30250001,0.320538998,0.29696101,0.311069995,1105609344
20-06-2003,0.314289004,0.35018,0.311610997,0.342860997,1613091144
27-06-2003,0.344660997,0.351610988,0.330000013,0.334461004,1680474992
03-07-2003,0.333570004,0.349110991,0.330538988,0.341610998,883588440
11-07-2003,0.344110996,0.366070002,0.341610998,0.354461014,1069422312
18-07-2003,0.357320011,0.378210992,0.346069992,0.372480005,1700043016
25-07-2003,0.369461,0.385179996,0.362500012,0.384638995,972759144
01-08-2003,0.383929998,0.384020001,0.360179991,0.370180011,993464024
08-08-2003,0.366611004,0.383929998,0.346789002,0.350710988,1037847440
15-08-2003,0.353929996,0.363211006,0.347499996,0.351960987,904643432
22-08-2003,0.354638994,0.392861009,0.352138996,0.372860998,1107328712
29-08-2003,0.371069998,0.408039004,0.363388985,0.403750002,1113624904
05-09-2003,0.404639006,0.416429996,0.400000006,0.40178901,961076368
12-09-2003,0.401430011,0.413210988,0.394638985,0.412499994,966503496
19-09-2003,0.407319993,0.411610991,0.390269995,0.403210998,1244781664
26-09-2003,0.396070004,0.40178901,0.359800011,0.369461,1535604280
03-10-2003,0.383749992,0.390361011,0.360538989,0.387320012,1394895712
10-10-2003,0.386961013,0.425179988,0.385360986,0.42286101,1637759480
17-10-2003,0.423750013,0.446619987,0.400180012,0.40625,2507926120
24-10-2003,0.403569996,0.417861015,0.396961004,0.403569996,1003047360
31-10-2003,0.40625,0.428570002,0.400000006,0.408749998,1161010480
07-11-2003,0.407680005,0.416070014,0.400889009,0.40178901,1482690440
14-11-2003,0.400889009,0.405710995,0.379999995,0.383210987,1200954440
21-11-2003,0.381249994,0.38161099,0.354461014,0.362138987,1324429400
28-11-2003,0.366070002,0.379819989,0.361589015,0.373389006,974539832
05-12-2003,0.375710994,0.391070008,0.370180011,0.372319996,1138590880
12-12-2003,0.371069998,0.381069988,0.356429994,0.373039007,931384720
19-12-2003,0.383749992,0.383749992,0.35036099,0.351788998,1821882216
26-12-2003,0.350888997,0.373389006,0.34375,0.371069998,966836024
02-01-2004,0.373389006,0.388388991,0.372500002,0.379999995,757458968
09-01-2004,0.382499993,0.43088901,0.382499993,0.41071099,2380261352
16-01-2004,0.413569987,0.443569988,0.40178901,0.405710995,3182840752
23-01-2004,0.404819995,0.410180002,0.396070004,0.402860999,975280712
30-01-2004,0.401069999,0.417499989,0.39625001,0.402860999,1251958568
06-02-2004,0.401069999,0.409110993,0.387499988,0.405539006,1323180320
13-02-2004,0.403930008,0.430361003,0.400711,0.41071099,1292419632
20-02-2004,0.412499994,0.422138989,0.396611005,0.400000006,913923360
27-02-2004,0.400889009,0.428930014,0.390888989,0.427139014,1396873016
05-03-2004,0.430180013,0.490889013,0.421429992,0.477499992,3004923992
12-03-2004,0.478388995,0.502499998,0.459820002,0.492139012,3077828152
19-03-2004,0.482679993,0.488388985,0.453388989,0.461789012,2232626816
26-03-2004,0.45303899,0.488570005,0.450361013,0.482861012,2221378488
02-04-2004,0.489288986,0.499819994,0.47536099,0.491070002,1693993504
08-04-2004,0.490711004,0.50661099,0.480711013,0.491611004,1140060264
16-04-2004,0.491070002,0.528210998,0.469819993,0.521070004,3483168472
23-04-2004,0.502138972,0.513388991,0.483038992,0.494639009,2053528232
30-04-2004,0.492500007,0.493479997,0.455179989,0.460361004,1673466200
07-05-2004,0.46428901,0.492320001,0.455361009,0.476249993,1506308160
14-05-2004,0.469110996,0.495000005,0.463211,0.483211011,1288383376
21-05-2004,0.476788998,0.491070002,0.470710993,0.484111011,1258797904
28-05-2004,0.486611009,0.513930023,0.484111011,0.501070023,1259527864
04-06-2004,0.496250004,0.522319973,0.493039012,0.513930023,1152222904
10-06-2004,0.518570006,0.553039014,0.514460981,0.548929989,1318019080
18-06-2004,0.547320008,0.596589029,0.52678901,0.587679982,2563980608
25-06-2004,0.591430008,0.604111016,0.573570013,0.601788998,1756126288
02-07-2004,0.605360985,0.610539019,0.530888975,0.555000007,2744222152
09-07-2004,0.555360973,0.561070025,0.53482002,0.536249995,1189295128
16-07-2004,0.53588903,0.600539029,0.513211012,0.574999988,3935581048
23-07-2004,0.572319984,0.584110975,0.544288993,0.548210979,1766076816
30-07-2004,0.550889015,0.58928901,0.549638987,0.577499986,1569287384
06-08-2004,0.55786097,0.576789021,0.530360997,0.531789005,1590330504
13-08-2004,0.533038974,0.563211024,0.532320023,0.550710976,1518818840
20-08-2004,0.551429987,0.56892997,0.541961014,0.550000012,1829181704
27-08-2004,0.550000012,0.628211021,0.546429992,0.613389015,2479626800
03-09-2004,0.607500017,0.642679989,0.606429994,0.629110992,1812635272
10-09-2004,0.632139027,0.653038979,0.629110992,0.64053899,1435476728
17-09-2004,0.640361011,0.667500019,0.621070027,0.663210988,1788513832
24-09-2004,0.658930004,0.69411099,0.657320023,0.665889025,1800579648
01-10-2004,0.660179973,0.701250017,0.657679975,0.690539002,1915133024
08-10-2004,0.699639022,0.730889022,0.685711026,0.69749999,2213512952
15-10-2004,0.692861021,0.81696099,0.672320008,0.8125,5782153944
22-10-2004,0.799820006,0.863389015,0.798210979,0.846611023,3832024280
29-10-2004,0.842860997,0.949999988,0.838750005,0.935711026,3857893312
05-11-2004,0.9375,1.001960039,0.929279983,0.977138996,4672028536
12-11-2004,0.969111025,0.994461,0.95321101,0.991069973,2317437416
19-11-2004,0.98356998,1.016250014,0.968210995,0.98518002,2296776776
26-11-2004,1.036069989,1.174280047,1.033929944,1.152680039,5424494488
03-12-2004,1.232139945,1.242319942,1.102679968,1.119279981,5771049648
10-12-2004,1.147320032,1.191609979,1.108029962,1.16339004,4526554760
17-12-2004,1.173930049,1.205360055,1.153570056,1.160529971,3167134824
23-12-2004,1.169280052,1.178570032,1.100000024,1.143030047,3046737344
31-12-2004,1.157140017,1.16339004,1.108029962,1.149999976,2251892664
07-01-2005,1.156780005,1.243389964,1.11785996,1.236610055,5413932776
14-01-2005,1.248209953,1.32893002,1.130360007,1.253569961,11324220208
21-01-2005,1.245360017,1.278570056,1.235890031,1.258749962,3592567440
28-01-2005,1.267500043,1.321069956,1.259819984,1.321069956,3857389368
04-02-2005,1.331779957,1.426959991,1.330530047,1.407860041,4685559536
11-02-2005,1.409459949,1.464110017,1.368929982,1.450180054,4907174608
18-02-2005,1.477319956,1.622859955,1.465180039,1.550179958,7921742584
25-02-2005,1.541069984,1.605530024,1.523030043,1.589110017,5007812880
04-03-2005,1.595710039,1.612140059,1.472139955,1.528929949,3750382748
11-03-2005,1.528570056,1.544639945,1.386780024,1.438210011,4205325292
18-03-2005,1.447139978,1.551429987,1.411430001,1.534279943,3597676460
24-03-2005,1.54606998,1.570359945,1.500710011,1.517860055,2057064184
01-04-2005,1.526780009,1.534279943,1.448930025,1.46036005,2416211364
08-04-2005,1.463930011,1.587499976,1.434280038,1.562139988,2703562624
15-04-2005,1.576779962,1.580360055,1.25999999,1.262500048,7723968532
22-04-2005,1.25,1.347859979,1.214280009,1.267860055,4974875192
29-04-2005,1.30321002,1.339640021,1.257859945,1.287860036,3425952012
06-05-2005,1.29321003,1.333209991,1.286430001,1.330000043,2137001216
13-05-2005,1.331429958,1.337499976,1.182500005,1.241780043,4532652824
20-05-2005,1.23427999,1.345710039,1.233209968,1.341070056,2952539548
27-05-2005,1.351780057,1.462139964,1.351780057,1.448570013,2896150712
03-06-2005,1.452139974,1.455710053,1.348930001,1.36571002,2192500352
10-06-2005,1.368929982,1.379639983,1.268569946,1.278929949,3042707724
17-06-2005,1.281780005,1.376430035,1.276780009,1.368209958,2511671260
24-06-2005,1.351780057,1.420709968,1.335000038,1.348569989,2263104396
01-07-2005,1.315709949,1.360710025,1.289999962,1.303570032,2077395992
08-07-2005,1.30535996,1.367140055,1.303570032,1.366070032,1530418624
15-07-2005,1.370360017,1.500360012,1.34928,1.483929992,4357583552
22-07-2005,1.478929996,1.572860003,1.466779947,1.571429968,2423955464
29-07-2005,1.571069956,1.585000038,1.509279966,1.523210049,1667566572
05-08-2005,1.520359993,1.553570032,1.500710011,1.535359979,1394505784
12-08-2005,1.535709977,1.650709987,1.521780014,1.646430016,2135434252
19-08-2005,1.659999967,1.726070046,1.633929968,1.636780024,2957827600
26-08-2005,1.648210049,1.682860017,1.616430044,1.633569956,1793485512
02-09-2005,1.616780043,1.68464005,1.616430044,1.650709987,1757239512
09-09-2005,1.667860031,1.833930016,1.662500024,1.832499981,3100818616
16-09-2005,1.825000048,1.843930006,1.761780024,1.82893002,2430741180
23-09-2005,1.823210001,1.92177999,1.823210001,1.899999976,3061606688
30-09-2005,1.929640055,1.948570013,1.806779981,1.91463995,3184154008
07-10-2005,1.934280038,1.976780057,1.80535996,1.832139969,3097415972
14-10-2005,1.848569989,1.941069961,1.709640026,1.928570032,7357403984
21-10-2005,1.927860022,2.035000086,1.82893002,1.987859964,4390844248
28-10-2005,1.973209977,2.055710077,1.93464005,1.945359945,2903468904
04-11-2005,1.971429944,2.225709915,1.955360055,2.18392992,4322537688
11-11-2005,2.173209906,2.218209982,2.107500076,2.197849989,2758981456
18-11-2005,2.197849989,2.35284996,2.175349951,2.305710077,2896326300
25-11-2005,2.315000057,2.483570099,2.275710106,2.476429939,1933010884
02-12-2005,2.525710106,2.597850084,2.40534997,2.593930006,4214281008
09-12-2005,2.569639921,2.672499895,2.55321002,2.654659986,3466998864
16-12-2005,2.67392993,2.694999933,2.509639978,2.53963995,3702298180
23-12-2005,2.53963995,2.660350084,2.537139893,2.619640112,2084836880
30-12-2005,2.642849922,2.684999943,2.512140036,2.567500114,2104235532
06-01-2006,2.585000038,2.739279985,2.580349922,2.724999905,2582458788
13-01-2006,2.740350008,3.085710049,2.704999924,3.0567801,6507421284
20-01-2006,3.060709953,3.085000038,2.708209991,2.717459917,4884923372
27-01-2006,2.71784997,2.841429949,2.539279938,2.57249999,5615288308
03-02-2006,2.541779995,2.735709906,2.531069994,2.56595993,4233047364
10-02-2006,2.572139978,2.589639902,2.24642992,2.403929949,6905409504
17-02-2006,2.379640102,2.536070108,2.308569908,2.510349989,4734732408
24-02-2006,2.521070004,2.607140064,2.428570032,2.552139997,3150564312
03-03-2006,2.571069956,2.585710049,2.411780119,2.418570042,4186154560
10-03-2006,2.417500019,2.418570042,2.230350018,2.256779909,4283432272
17-03-2006,2.323210001,2.430000067,2.28963995,2.309279919,3959468492
24-03-2006,2.3292799,2.337850094,2.108210087,2.141429901,5799145912
31-03-2006,2.15534997,2.271780014,2.059639931,2.24000001,7033851020
07-04-2006,2.273930073,2.573210001,2.180350065,2.492500067,8192873780
13-04-2006,2.510349989,2.533210039,2.350349903,2.373889923,3318900340
21-04-2006,2.375349998,2.5,2.298209906,2.394279957,5066023200
28-04-2006,2.387500048,2.546430111,2.33927989,2.513930082,3553381076
05-05-2006,2.527499914,2.603209972,2.470000029,2.567500114,3634298304
12-05-2006,2.606780052,2.635710001,2.387850046,2.417850018,3048994928
19-05-2006,2.406069994,2.442140102,2.243570089,2.303930044,3866228492
26-05-2006,2.281069994,2.328210115,2.198570013,2.269599915,3226889456
02-06-2006,2.260349989,2.260710001,2.096070051,2.202140093,3473303344
09-06-2006,2.18392992,2.198570013,2.041069984,2.11571002,4256319088
16-06-2006,2.12142992,2.133569956,2.024640083,2.055710077,4706167872
23-06-2006,2.065360069,2.148930073,2.035710096,2.101069927,3886307544
30-06-2006,2.113209963,2.11500001,1.978929996,2.045360088,3484118092
07-07-2006,2.054280043,2.077860117,1.952499986,1.978569984,2146371164
14-07-2006,1.989279985,2.017499924,1.791429996,1.80964005,4526829832
21-07-2006,1.847499967,2.199640036,1.844640017,2.168570042,6294161636
28-07-2006,2.187849998,2.345710039,2.158210039,2.342499971,3637631788
04-08-2006,2.386780024,2.5,2.319999933,2.439280033,4850477632
11-08-2006,2.418570042,2.485709906,2.234999895,2.273210049,4685415840
18-08-2006,2.287499905,2.452140093,2.271430016,2.425349951,3478411776
25-08-2006,2.403569937,2.466069937,2.362499952,2.455349922,2839713408
01-09-2006,2.446429968,2.451780081,2.325710058,2.442140102,3349450692
08-09-2006,2.463210106,2.627500057,2.448210001,2.589999914,4151535948
15-09-2006,2.586780071,2.677850008,2.550709963,2.646430016,5566654520
22-09-2006,2.635710001,2.716429949,2.592139959,2.607140064,3698320864
29-09-2006,2.636070013,2.777849913,2.632849932,2.749279976,3912654004
06-10-2006,2.682140112,2.720000029,2.612849951,2.650710106,3494337168
13-10-2006,2.635710001,2.745709896,2.59284997,2.679280043,2819324116
20-10-2006,2.685349941,2.856780052,2.639640093,2.855350018,4293794456
27-10-2006,2.856780052,2.950000048,2.848210096,2.871779919,2800290108
03-11-2006,2.856600046,2.917140007,2.778209925,2.796070099,2511380004
10-11-2006,2.819639921,3.024640083,2.801069975,2.968569994,2949958312
17-11-2006,2.973210096,3.082139969,2.951430082,3.06607008,2860130476
24-11-2006,3.049999952,3.324280024,3.042850018,3.272500038,2386166972
01-12-2006,3.303930044,3.327100039,3.196429968,3.261430025,4937450252
08-12-2006,3.281430006,3.297499895,3.103569984,3.152139902,3802800484
15-12-2006,3.174999952,3.21427989,3.054640055,3.132849932,3966631816
22-12-2006,3.129460096,3.142849922,2.914279938,2.935709953,3726972900
29-12-2006,2.935349941,3.049999952,2.741780043,3.029999971,4647887412
05-01-2007,3.081779957,3.092139959,2.924999952,3.037499905,2937265800
12-01-2007,3.069999933,3.492850065,3.041069984,3.37928009,9865068136
19-01-2007,3.417140007,3.485709906,3.147140026,3.160710096,6658532552
26-01-2007,3.183569908,3.184279919,3.035350084,3.049279928,5486040812
02-02-2007,3.082139969,3.094640017,2.989279985,3.02677989,3624578496
09-02-2007,3.010710001,3.089639902,2.959280014,2.973929882,4055349452
16-02-2007,3.015350103,3.058569908,2.986779928,3.029639959,2591675212
23-02-2007,3.023210049,3.243210077,3.005709887,3.181070089,3131197608
02-03-2007,3.208570004,3.21427989,2.96427989,3.050349951,4961342540
09-03-2007,3.067500114,3.17750001,3.062849998,3.1417799,3153612644
16-03-2007,3.145349979,3.235709906,3.140000105,3.199640036,3525335016
23-03-2007,3.222850084,3.369999886,3.199640036,3.339999914,2906567580
30-03-2007,3.356780052,3.458209991,3.293930054,3.318209887,4074649600
05-04-2007,3.36213994,3.401070118,3.322139978,3.381429911,1919430492
13-04-2007,3.400350094,3.403569937,3.216419935,3.222850084,2700304096
20-04-2007,3.234639883,3.296430111,3.200000048,3.248929977,2778188308
27-04-2007,3.270889997,3.660710096,3.260710001,3.568569899,5502974708
04-05-2007,3.574640036,3.62857008,3.519639969,3.600349903,2616734316
11-05-2007,3.609999895,3.897500038,3.607500076,3.883569956,4216498328
18-05-2007,3.914999962,3.951420069,3.693569899,3.929280043,4094883100
25-05-2007,3.939640045,4.107140064,3.930350065,4.057849884,3651283244
01-06-2007,4.087500095,4.363210201,4.024640083,4.228569984,4316053672
08-06-2007,4.236780167,4.557499886,4.210710049,4.446070194,6086235624
15-06-2007,4.5,4.505350113,4.121419907,4.303569794,6817654340
22-06-2007,4.402850151,4.470709801,4.311419964,4.392849922,4258371488
29-06-2007,4.435349941,4.46750021,4.239999771,4.358570099,5266929416
06-07-2007,4.323209763,4.762139797,4.260709763,4.724999905,4486429052
13-07-2007,4.72784996,4.923210144,4.600349903,4.91892004,4684816528
20-07-2007,4.942500114,5.149280071,4.858570099,5.133920193,4304134268
27-07-2007,5.118209839,5.318570137,4.791069984,5.137489796,7823373208
03-08-2007,5.154640198,5.19464016,4.563210011,4.708920002,6164006828
10-08-2007,4.746419907,4.901420116,4.296420097,4.464280128,5223719060
17-08-2007,4.582849979,4.619639874,3.986419916,4.359280109,5547893344
24-08-2007,4.427140236,4.834640026,4.303569794,4.832139969,4947010544
31-08-2007,4.763949871,4.987500191,4.522500038,4.945710182,5366225620
07-09-2007,4.997849941,5.208570004,4.642849922,4.706069946,6976939648
14-09-2007,4.892670155,4.978569984,4.776780128,4.957499981,4746561260
21-09-2007,4.963920116,5.166069984,4.914279938,5.148210049,4715058572
28-09-2007,5.24034977,5.535709858,5.237490177,5.481070042,4493277684
05-10-2007,5.522490025,5.770709991,5.461780071,5.766059875,3922082304
12-10-2007,5.838920116,6.138569832,5.471779823,5.973340034,5241529272
19-10-2007,5.999279976,6.236780167,5.839280128,6.086420059,5389502328
26-10-2007,6.083920002,6.735710144,6.070000172,6.596419811,6413638504
02-11-2007,6.623209953,6.789989948,6.428569794,6.709640026,4120429348
09-11-2007,6.617489815,6.881420135,5.900350094,5.906070232,6169987488
16-11-2007,5.902850151,6.341780186,5.379640102,5.942490101,7828586444
23-11-2007,5.932139874,6.155350208,5.789279938,6.126420021,4382414652
30-11-2007,6.199639797,6.703559875,6.071780205,6.50785017,6012425832
07-12-2007,6.494989872,6.963920116,6.321070194,6.939280033,4594205672
14-12-2007,6.913919926,7.142849922,6.634280205,6.799640179,4599468496
21-12-2007,6.811419964,6.925439835,6.37857008,6.925350189,4844087528
28-12-2007,6.965350151,7.248559952,6.956779957,7.136779785,2679174820
04-01-2008,7.124989986,7.160709858,6.38891983,6.430349827,3916407152
11-01-2008,6.473209858,6.557139874,6.010709763,6.167490005,8126811056
18-01-2008,6.339990139,6.407849789,5.596419811,5.762849808,9152334044
25-01-2008,5.286419868,5.713570118,4.505000114,4.643209934,9368644068
01-02-2008,4.577139854,4.880350113,4.516069889,4.776780128,6166484240
08-02-2008,4.79321003,4.853569984,4.188210011,4.48142004,7054130216
15-02-2008,4.571780205,4.678569794,4.414999962,4.451069832,5251506064
22-02-2008,4.499639988,4.526780128,4.13820982,4.266419888,4440478140
29-02-2008,4.235350132,4.721419811,4.122849941,4.465000153,7110532520
07-03-2008,4.444280148,4.553569794,4.214280128,4.366069794,7305398632
14-03-2008,4.35642004,4.653570175,4.26320982,4.521780014,5646839184
20-03-2008,4.376780033,4.796070099,4.376780033,4.759640217,4197043704
28-03-2008,4.78606987,5.20498991,4.772850037,5.107490063,5017271588
04-04-2008,5.116779804,5.525529861,5.089990139,5.467140198,4752144740
11-04-2008,5.576069832,5.703209877,5.228569984,5.254990101,5214809348
18-04-2008,5.241779804,5.794990063,5.162139893,5.751420021,4071179364
25-04-2008,5.79321003,6.110710144,5.646070004,6.061779976,6672647632
02-05-2008,6.062489986,6.497139931,6.04034996,6.462140083,4759871004
09-05-2008,6.497139931,6.721419811,6.447850227,6.551780224,4502718668
16-05-2008,6.614640236,6.865709782,6.530350208,6.70070982,4198403832
23-05-2008,6.709280014,6.738920212,6.142849922,6.470349789,5189102660
30-05-2008,6.526780128,6.769279957,6.494279861,6.74105978,2791253752
06-06-2008,6.735710144,6.783919811,6.511970043,6.629990101,3886568224
13-06-2008,6.599639893,6.670710087,5.903920174,6.156070232,6645174368
20-06-2008,6.117849827,6.512139797,6.038209915,6.259640217,4444441484
27-06-2008,6.240709782,6.386779785,5.862490177,6.074639797,3824399740
03-07-2008,6.078209877,6.337490082,5.857140064,6.07570982,3157706076
11-07-2008,6.184279919,6.461060047,6.107140064,6.163569927,4375881916
18-07-2008,6.401420116,6.403570175,5.892849922,5.898210049,4300101064
25-07-2008,5.960710049,6.01320982,5.233210087,5.789989948,5775085316
01-08-2008,5.797850132,5.802490234,5.487490177,5.594989777,3372895344
08-08-2008,5.592850208,6.058919907,5.461070061,6.055349827,3459533840
15-08-2008,6.073919773,6.44464016,6.059639931,6.276420116,3990170296
22-08-2008,6.270349979,6.350349903,6.136069775,6.313920021,2655123436
29-08-2008,6.291069984,6.294640064,6.037139893,6.054639816,2438789108
05-09-2008,6.157139778,6.196420193,5.630350113,5.720709801,3047474024
12-09-2008,5.877490044,5.88891983,5.214280128,5.319280148,5029024896
19-09-2008,5.072490215,5.274640083,4.309999943,5.032489777,6428936080
26-09-2008,4.997849941,5.008920193,4.392849922,4.579999924,5319738340
03-10-2008,4.272140026,4.274280071,3.380350113,3.466779947,9457648872
10-10-2008,3.284280062,3.625,3.035710096,3.457139969,10037382936
17-10-2008,3.733920097,4.157139778,3.067320108,3.478569984,8850726080
24-10-2008,3.563570023,3.616070032,3.218209982,3.442140102,9257130988
31-10-2008,3.395349979,4.006780148,3.280709982,3.842499971,8096682944
07-11-2008,3.783210039,3.992500067,3.418570042,3.508569956,6131310052
14-11-2008,3.577500105,3.585710049,3.072139978,3.222850084,6790457940
21-11-2008,3.160000086,3.270709991,2.826430082,2.949280024,6831867644
28-11-2008,3.04321003,3.40177989,3.029999971,3.309639931,3879961092
05-12-2008,3.260710001,3.436779976,3.08927989,3.357140064,5549890388
12-12-2008,3.474280119,3.700000048,3.304640055,3.509639978,5414389344
19-12-2008,3.42821002,3.445709944,3.143569946,3.21427989,4989351388
26-12-2008,3.214999914,3.215349913,3.019639969,3.064640045,2067446612
02-01-2009,3.089999914,3.251430035,3.025710106,3.241070032,3019153844
09-01-2009,3.327500105,3.470350027,3.215709925,3.234999895,4461475620
16-01-2009,3.23071003,3.249639988,2.858930111,2.940350056,5380742248
23-01-2009,2.926069975,3.21427989,2.792850018,3.155709982,4194182412
30-01-2009,3.173569918,3.392849922,3.153569937,3.218930006,3441773748
06-02-2009,3.182140112,3.571429968,3.174999952,3.561429977,3402824824
13-02-2009,3.571429968,3.678570032,3.420350075,3.541429996,3665838876
20-02-2009,3.459640026,3.465709925,3.178570032,3.257139921,3035907224
27-02-2009,3.273210049,3.318569899,3.089639902,3.189640045,3764180336
06-03-2009,3.147140026,3.313210011,2.940350056,3.046430111,3954882736
13-03-2009,3.006429911,3.471430063,2.948930025,3.426069975,3759864780
20-03-2009,3.44749999,3.695709944,3.363569975,3.628210068,3577794640
27-03-2009,3.66821003,3.927850008,3.633919954,3.81607008,3065939744
03-04-2009,3.732500076,4.147500038,3.66463995,4.142499924,3111249232
09-04-2009,4.105000019,4.285709858,4.045710087,4.270349979,2181416244
17-04-2009,4.28606987,4.4375,4.134280205,4.407849789,2348518284
24-04-2009,4.347499847,4.542850018,4.235710144,4.425000191,3362211888
01-05-2009,4.389279842,4.56964016,4.380710125,4.544280052,2291008076
08-05-2009,4.579999924,4.767849922,4.509280205,4.613920212,2481546424
15-05-2009,4.548920155,4.677140236,4.263569832,4.372139931,2425706164
22-05-2009,4.41892004,4.618209839,4.341780186,4.375,1926531320
29-05-2009,4.455709934,4.853569984,4.448209763,4.850349903,2228095100
05-06-2009,4.873919964,5.228569984,4.857140064,5.166779995,2657439288
12-06-2009,5.136419773,5.162849903,4.858570099,4.8917799,3385324768
19-06-2009,4.857500076,4.982140064,4.804639816,4.98142004,2775703392
26-06-2009,5.023920059,5.127140045,4.745709896,5.087140083,2856130452
02-07-2009,5.123569965,5.166419983,4.992499828,5.000710011,1786801464
10-07-2009,4.953569889,4.988570213,4.800710201,4.947140217,2324815696
17-07-2009,4.983570099,5.429279804,4.911779881,5.419640064,2312584820
24-07-2009,5.473919868,5.714280128,5.348209858,5.713779926,3449733868
31-07-2009,5.720349789,5.892849922,5.616419792,5.835350037,2071588988
07-08-2009,5.900350094,5.978209972,5.824639797,5.91106987,1942490452
14-08-2009,5.916419983,6.023920059,5.781420231,5.956419945,1847207544
21-08-2009,5.841070175,6.048920155,5.693570137,6.043570042,2127076784
28-08-2009,6.07570982,6.160349846,5.886779785,6.073209763,1938318844
04-09-2009,6.005710125,6.096419811,5.861070156,6.082489967,1813697340
11-09-2009,6.17784977,6.231070042,6.060709953,6.148570061,1966434092
18-09-2009,6.101069927,6.671060085,6.080349922,6.607850075,2914823576
25-09-2009,6.581779957,6.746419907,6.479990005,6.51320982,2385087152
02-10-2009,6.56678009,6.692850113,6.453559875,6.603559971,2300763920
09-10-2009,6.649990082,6.837490082,6.581069946,6.802490234,2225488104
16-10-2009,6.822140217,6.868559837,6.70855999,6.716060162,1816921316
23-10-2009,6.708920002,7.453919888,6.626780033,7.283559799,4489176160
30-10-2009,7.273920059,7.383920193,6.645229816,6.732140064,3347207416
06-11-2009,6.778560162,6.971059799,6.627490044,6.940710068,2370027520
13-11-2009,7.033559799,7.321420193,7.009280205,7.301780224,2081374736
20-11-2009,7.338560104,7.42855978,7.062849998,7.139989853,2205254296
27-11-2009,7.249989986,7.357140064,7.084640026,7.163919926,1375519236
04-12-2009,7.182489872,7.241779804,6.795710087,6.904280186,2881704672
11-12-2009,6.904280186,7.13214016,6.7385602,6.952489853,3009381564
18-12-2009,6.977489948,7.053919792,6.821420193,6.979640007,2266229448
24-12-2009,7.001780033,7.476779938,6.988210201,7.465710163,1808300228
31-12-2009,7.561419964,7.641059875,7.439640045,7.526140213,1854263824
08-01-2010,7.622489929,7.699639797,7.466060162,7.570710182,2572798704
15-01-2010,7.599989891,7.607140064,7.289279938,7.354640007,2690070432
22-01-2010,7.440350056,7.698209763,7.041419983,7.062489986,2832082568
29-01-2010,7.232490063,7.632490158,6.794640064,6.859389782,7074836916
05-02-2010,6.870349884,7.149990082,6.816060066,6.98071003,3671502044
12-02-2010,6.988920212,7.20141983,6.92855978,7.156420231,2687327328
19-02-2010,7.212140083,7.296780109,7.173560143,7.202489853,1818905956
26-02-2010,7.226419926,7.327489853,6.989640236,7.307849884,2599562112
05-03-2010,7.348209858,7.846419811,7.337490082,7.81964016,2754536988
12-03-2010,7.857490063,8.133210182,7.781779766,8.092849731,2768387888
19-03-2010,8.049280167,8.087490082,7.86605978,7.937489986,2292918152
26-03-2010,7.873919964,8.283920288,7.862490177,8.246419907,2841270180
01-04-2010,8.321419716,8.526060104,8.272130013,8.427490234,2101856708
09-04-2010,8.391960144,8.639989853,8.384630203,8.635350227,2667193788
16-04-2010,8.649990082,8.969280243,8.611060143,8.835709572,2170829276
23-04-2010,8.822489738,9.720700264,8.634630203,9.67249012,3878017584
30-04-2010,9.709989548,9.730699539,9.157489777,9.324629784,3048114300
07-05-2010,9.422849655,9.567130089,7.11605978,8.423560143,5023144252
14-05-2010,8.937490463,9.464280128,8.876059532,9.064990044,3848108908
21-05-2010,9.096420288,9.233920097,8.262490273,8.654279709,5078061408
28-05-2010,8.831419945,9.264280319,8.469989777,9.174280167,4134833724
04-06-2010,9.274629593,9.497850418,9.093919754,9.141599655,2973621588
11-06-2010,9.224630356,9.255350113,8.649990082,9.053919792,4064498172
18-06-2010,9.141420364,9.821419716,9.071780205,9.788350105,3629807328
25-06-2010,9.917490005,9.964630127,9.493200302,9.524990082,3527280512
02-07-2010,9.533200264,9.633919716,8.685709953,8.819279671,4175699948
09-07-2010,8.964280128,9.389280319,8.791419983,9.272130013,2441521124
16-07-2010,9.23320961,9.351779938,8.801059723,8.9249897,4430728008
23-07-2010,8.924280167,9.469630241,8.55712986,9.283559799,4463826024
30-07-2010,9.285710335,9.499629974,9.103560448,9.187490463,2617568660
06-08-2010,9.301420212,9.438559532,9.201060295,9.288949966,2000670924
13-08-2010,9.338560104,9.3624897,8.789990425,8.896419525,2264883404
20-08-2010,8.842129707,9.095350266,8.807849884,8.915710449,1891707552
27-08-2010,8.992489815,8.999990463,8.41285038,8.62928009,2628577056
03-09-2010,8.598560333,9.24213028,8.583919525,9.241780281,2437325016
10-09-2010,9.165710449,9.51856041,9.151780128,9.407489777,1695710996
17-09-2010,9.493559837,9.927129745,9.482850075,9.834630013,2512874140
24-09-2010,9.85999012,10.48320007,9.851779938,10.43999958,3349987928
01-10-2010,10.49909973,10.52610016,9.821419716,10.09000015,3109582364
08-10-2010,10.0571003,10.51780033,9.920350075,10.50249958,2674934668
15-10-2010,10.52639961,11.25,10.44610023,11.24069977,2973872300
22-10-2010,11.37390041,11.39280033,10.71500015,10.98110008,3983077644
29-10-2010,11.03890038,11.12860012,10.74530029,10.7493,2165918412
05-11-2010,10.79360008,11.43500042,10.79279995,11.32610035,2369909416
12-11-2010,11.32859993,11.47500038,10.84389973,11.00109959,2206803648
19-11-2010,11.01640034,11.09070015,10.63430023,10.95460033,2421338108
26-11-2010,10.95289993,11.34640026,10.92389965,11.27709961,1564538108
03-12-2010,11.26780033,11.39280033,11.10249996,11.33710003,2215386404
10-12-2010,11.38000011,11.57110023,11.32530022,11.44859982,1718593100
17-12-2010,11.58460045,11.60929966,11.39280033,11.45030022,1917868120
23-12-2010,11.48569965,11.6328001,11.36530018,11.5571003,1131606196
31-12-2010,11.53040028,11.66639996,11.47539997,11.52000046,940324784
07-01-2011,11.63000011,12.01249981,11.60130024,12.00430012,1622343324
14-01-2011,12.10109997,12.44569969,12.04179955,12.44569969,1802200596
21-01-2011,11.76860046,12.44999981,11.64280033,11.66860008,4535788096
28-01-2011,11.67389965,12.34280014,11.66860008,12.00360012,2505498800
04-02-2011,11.99289989,12.38210011,11.93929958,12.375,1778470036
11-02-2011,12.42459965,12.85709953,12.41569996,12.7446003,2644927460
18-02-2011,12.74250031,13.03209972,12.48279953,12.52000046,2422366352
25-02-2011,12.21959972,12.44390011,12.06140041,12.43430042,2424312352
04-03-2011,12.54430008,12.86750031,12.41720009,12.85709953,2415846664
11-03-2011,12.90709972,12.91679955,12.31779957,12.57110023,2334803100
18-03-2011,12.61359978,12.73159981,11.65209961,11.80959988,3726888564
25-03-2011,11.99960041,12.57359982,11.97360039,12.55500031,1962500848
01-04-2011,12.61250019,12.65429974,12.26070023,12.3057003,1684685744
08-04-2011,12.29679966,12.3071003,11.92679977,11.96640015,2096565520
15-04-2011,11.9307003,12.00500011,11.67140007,11.69499969,1927919112
21-04-2011,11.64640045,12.68319988,11.43430042,12.5248003,2483730928
29-04-2011,12.51210022,12.67819977,12.34000015,12.50459957,2327893736
06-05-2011,12.49069977,12.56529999,12.33930016,12.38070011,1762031152
13-05-2011,12.4236002,12.5,12.15530014,12.16069984,1470066836
20-05-2011,12.11429977,12.22910023,11.8118,11.97210026,1837059056
27-05-2011,11.78460026,12.09140015,11.76500034,12.05039978,1425161136
03-06-2011,12.1821003,12.57610035,12.17860031,12.26570034,1624748020
10-06-2011,12.34640026,12.39459991,11.62530041,11.63930035,2035281584
17-06-2011,11.68570042,11.90180016,11.3689003,11.43780041,2189713624
24-06-2011,11.33409977,11.89820004,11.08930016,11.65530014,2524285568
01-07-2011,11.69960022,12.26780033,11.6875,12.25930023,1745519720
08-07-2011,12.25,12.85709953,12.23209953,12.84679985,1689488892
15-07-2011,12.72640038,13.03569984,12.45069981,13.03279972,2201100832
22-07-2011,13.05109978,14.15250015,13.04570007,14.04640007,3376349704
29-07-2011,13.94110012,14.44639969,13.71430016,13.94569969,2952317200
05-08-2011,14.20639992,14.26780033,12.94890022,13.34360027,4060845152
12-08-2011,12.91749954,13.55860043,12.60779953,13.46389961,4375979160
19-08-2011,13.55819988,13.74890041,12.71430016,12.71529961,3028808412
26-08-2011,13.01819992,13.70709991,12.68179989,13.69929981,3331185396
02-09-2011,13.86359978,14.00279999,13.27960014,13.35890007,2128820148
09-09-2011,13.12030029,13.87889957,13.08860016,13.48139954,1841508956
16-09-2011,13.32139969,14.30370045,13.28209972,14.30360031,2559602724
23-09-2011,14.17860031,15.10210037,14.11439991,14.43929958,3720549924
30-09-2011,14.28069973,14.61610031,13.61359978,13.61859989,3074830164
07-10-2011,13.58460045,13.74209976,12.65139961,13.20709991,4037421892
14-10-2011,13.53890038,15.07139969,13.50749969,15.07139969,2670031560
21-10-2011,15.06210041,15.23929977,13.95530033,14.03110027,3842410544
28-10-2011,14.14929962,14.60709953,14.04109955,14.46249962,2206951292
04-11-2011,14.37209988,14.6189003,14.04360008,14.29430008,1989421532
11-11-2011,14.28250027,14.57139969,13.58069992,13.73639965,2628153976
18-11-2011,13.69709969,13.96930027,13.38860035,13.39070034,2065446992
25-11-2011,13.22859955,13.49750042,12.97570038,12.98460007,1540902216
02-12-2011,13.29819965,14.05819988,13.22140026,13.91779995,1895195988
09-12-2011,14.05319977,14.15750027,13.81289959,14.05780029,1619673160
16-12-2011,13.98859978,14.12139988,13.48859978,13.60779953,1725384780
23-12-2011,13.65960026,14.41390038,13.58860016,14.40460014,1307842844
30-12-2011,14.39640045,14.61030006,14.30389977,14.46430016,890023204
06-01-2012,14.62139988,15.09819984,14.60709953,15.08570004,1152157188
13-01-2012,15.19639969,15.27680016,14.9520998,14.9932003,1306426352
20-01-2012,15.14999962,15.40600014,14.99110031,15.01070023,1195395180
27-01-2012,15.09529972,16.2303009,14.98390007,15.97430038,2436082096
03-02-2012,15.91819954,16.42860031,15.90680027,16.41710091,1514946132
10-02-2012,16.37070084,17.77210045,16.36429977,17.62210083,2489297272
17-02-2012,17.84029961,18.79599953,17.37960052,17.93280029,3965592904
24-02-2012,18.10280037,18.67499924,18.00429916,18.65749931,2072187712
02-03-2012,18.6182003,19.57889938,18.43860054,19.47069931,3214934912
09-03-2012,19.47929955,19.56209946,18.43639946,19.47030067,3353222600
16-03-2012,19.60650063,21.42889977,19.53569984,20.91320038,4502132712
23-03-2012,21.37030029,21.77319908,20.78569984,21.28750038,3416567028
30-03-2012,21.42099953,22.19459915,21.25930023,21.41250038,3197603360
05-04-2012,21.4939003,22.66640091,21.44210052,22.63139915,2647157660
13-04-2012,22.36179924,23,21.55389977,21.61529922,3653123572
20-04-2012,21.78779984,22.15180016,20.37210083,20.46360016,4896493504
27-04-2012,20.37890053,22.07139969,19.82139969,21.53569984,3891466880
04-05-2012,21.35000038,21.37140083,20.18460083,20.1875,2465302560
11-05-2012,20.05360031,20.56710052,19.95459938,20.23959923,2171065876
18-05-2012,20.09180069,20.26819992,18.64929962,18.94210052,2839338124
25-05-2012,19.08930016,20.58930016,19.07320023,20.08180046,2735442500
01-06-2012,20.38929939,20.76779938,20.01860046,20.0352993,1922818856
08-06-2012,20.05360031,20.73509979,19.58930016,20.72570038,2074117192
15-06-2012,20.98999977,21.01779938,20.23929977,20.50460052,2001712132
22-06-2012,20.39139938,21.07139969,20.37030029,20.78930092,1772225420
29-06-2012,20.61779976,20.85709953,20.20030022,20.85709953,1488647440
06-07-2012,20.88319969,21.94070053,20.84280014,21.63850021,1545214356
13-07-2012,21.61779976,22.13820076,21.16710091,21.60610008,2100284480
20-07-2012,21.6114006,21.97680092,21.54100037,21.58209991,1682146760
27-07-2012,21.22850037,21.77429962,20.35709953,20.89859962,2741230800
03-08-2012,21.10429955,22.07069969,20.99349976,21.98929977,1903130600
10-08-2012,22.04599953,22.32139969,21.97360039,22.20359993,1254405992
17-08-2012,22.26390076,23.14959908,22.25889969,23.14679909,1574044164
24-08-2012,23.21459961,24.10280037,23.14679909,23.68650055,2848867868
31-08-2012,24.2852993,24.31679916,23.47319984,23.75860023,1538107116
07-09-2012,23.77709961,24.3743,23.73209953,24.30139923,1425301024
14-09-2012,24.30179977,24.89209938,23.42860031,24.68860054,2902987556
21-09-2012,24.97680092,25.18099976,24.77210045,25.0034008,2006550672
28-09-2012,24.53070068,24.82570076,23.58390045,23.82509995,2864409436
05-10-2012,23.96999931,24.16959953,23.23749924,23.30680084,2560615316
12-10-2012,23.10280037,23.12709999,22.26959991,22.4897995,2993028696
19-10-2012,22.58390045,23.31389999,21.77210045,21.78000069,2592290316
26-10-2012,21.87210083,22.69210052,21.10709953,21.57139969,3487153768
02-11-2012,21.24570084,21.53569984,20.52680016,20.60000038,1470823256
09-11-2012,20.83979988,21.0977993,19.06139946,19.53779984,3683904756
16-11-2012,19.79100037,19.80360031,18.0625,18.84560013,3582984412
23-11-2012,19.31100082,20.42860031,19.28140068,20.41069984,2111978680
30-11-2012,20.56780052,21.22319984,20.43779945,20.90279961,2590952028
07-12-2012,21.20179939,21.23530006,18.52249908,19.04459953,3931821600
14-12-2012,18.75,19.62709999,18.0564003,18.20689964,3344798240
21-12-2012,18.17609978,19.10350037,17.90110016,18.54750061,2912182168
28-12-2012,18.58390045,18.72319984,18.02359962,18.19960022,1287580952
04-01-2013,18.23320007,19.82139969,18.17860031,18.82139969,2167283972
11-01-2013,18.64279938,18.99600029,18.39999962,18.58209991,2302357932
18-01-2013,17.95280075,18.24110031,17.26350021,17.85709953,3228552040
25-01-2013,18.02000046,18.39249992,15.53569984,15.71000004,3991877876
01-02-2013,15.63659954,16.52140045,15.56639957,16.20070076,2632544852
08-02-2013,16.21109962,17.10029984,15.78569984,16.96360016,2981904380
15-02-2013,17.01779938,17.3192997,16.42569923,16.43429947,2349122748
22-02-2013,16.46780014,16.52610016,15.81499958,16.10029984,1689913316
01-03-2013,16.20890045,16.25429916,15.35639954,15.37390041,2336386220
08-03-2013,15.27859974,15.55109978,14.96430016,15.41860008,2541484512
15-03-2013,15.34819984,15.86530018,15.18360043,15.84500027,2293796400
22-03-2013,15.76609993,16.50349998,15.75710011,16.49679947,2219990472
28-03-2013,16.59609985,16.78389931,15.77210045,15.80930042,1569820448
05-04-2013,15.78209972,15.84630013,14.98859978,15.11429977,2025072168
12-04-2013,15.17319965,15.64249992,15.08889961,15.35000038,1551081364
19-04-2013,15.25,15.28180027,13.75360012,13.94750023,2843915900
26-04-2013,14.02280045,14.95600033,13.97410011,14.90019989,3213102844
03-05-2013,15.01609993,16.1868,15,16.07069969,2622571112
10-05-2013,16.27529907,16.63389969,16.08860016,16.17749977,2186591036
17-05-2013,16.12529945,16.35359955,14.96070004,15.47360039,2537385032
24-05-2013,15.42529964,16.01250076,15.36069965,15.89820004,1980941732
31-05-2013,16.06780052,16.32500076,15.69279957,16.06200027,1454943560
07-06-2013,16.09749985,16.22960091,15.45610046,15.77890015,1777485080
14-06-2013,15.88319969,16.03849983,15.30360031,15.35890007,1560364428
21-06-2013,15.40859985,15.56070042,14.57499981,14.76780033,1604383900
28-06-2013,14.55000019,14.59500027,13.88819981,14.16180038,2079071064
05-07-2013,14.3817997,15.11750031,14.32929993,14.90779972,1376271456
12-07-2013,15.00389957,15.34959984,14.65639973,15.23250008,1538525072
19-07-2013,15.17889977,15.53110027,15.14890003,15.17679977,1145589340
26-07-2013,15.33780003,15.87819958,14.95390034,15.74960041,1599398416
02-08-2013,15.74279976,16.53030014,15.72140026,16.51930046,1361852744
09-08-2013,16.59609985,16.85320091,16.20179939,16.2303009,1476245988
16-08-2013,16.31640053,18.00889969,16.30820084,17.94029999,2855344800
23-08-2013,18.01210022,18.3477993,17.7928009,17.89360046,1672019272
30-08-2013,17.88389969,18.22139931,17.35709953,17.40060043,1574818840
06-09-2013,17.61070061,17.93709946,17.40530014,17.79360008,1273025908
13-09-2013,18.03569984,18.13999939,16.59639931,16.60350037,2685461912
20-09-2013,16.46430016,17.0909996,15.97210026,16.69319916,2508633540
27-09-2013,17.71780014,17.74679947,17.16860008,17.24110031,1908667264
04-10-2013,17.04459953,17.58390045,16.94319916,17.25110054,1484848820
11-10-2013,17.37709999,17.63710022,17.08139992,17.60040092,1451276400
18-10-2013,17.4939003,18.18779945,17.47680092,18.1746006,1377209568
25-10-2013,18.27750015,19.04389954,18.14389992,18.78420067,1968454124
01-11-2013,18.89430046,19.25889969,18.37639999,18.57250023,2090998084
08-11-2013,18.61070061,18.88870049,18.29929924,18.59140015,1275416772
15-11-2013,18.57110023,18.90279961,18.37179947,18.74970055,1229472132
22-11-2013,18.74959946,18.82819939,18.34530067,18.56430054,1133820324
29-11-2013,18.60779953,19.94029999,18.60709953,19.85960007,1312354008
06-12-2013,19.92860031,20.54050064,19.67210007,20.0007,2093257824
13-12-2013,20.03210068,20.39179993,19.77389908,19.80109978,1553595204
20-12-2013,19.82209969,20.09420013,19.24279976,19.60779953,1835732640
27-12-2013,20.28569984,20.42429924,19.98209953,20.00320053,1098756708
03-01-2014,19.90929985,20.04570007,19.30109978,19.32069969,1105292748
10-01-2014,19.19459915,19.53070068,18.96820068,19.03359985,1574819344
17-01-2014,18.9253006,20.00709915,18.92429924,19.30960083,1771865116
24-01-2014,19.32110023,19.90320015,19.30069923,19.50250053,1547352128
31-01-2014,19.64529991,19.81430054,17.62680054,17.87849998,3292382268
07-02-2014,17.95030022,18.67609978,17.83209991,18.55999947,1741410860
14-02-2014,18.52359962,19.4993,18.5,19.42819977,1518715576
21-02-2014,19.5,19.68530083,18.73570061,18.75889969,1160589164
28-02-2014,18.68390083,19.02680016,18.41430092,18.79430008,1473503640
07-03-2014,18.6935997,19.09819984,18.67180061,18.9442997,1106293832
14-03-2014,18.87000084,19.27359962,18.67860031,18.73889923,1155284480
21-03-2014,18.84639931,19.15139961,18.75709915,19.03100014,1216795580
28-03-2014,19.22929955,19.60709953,19.08029938,19.17350006,1360358048
04-04-2014,19.25819969,19.40999985,18.94930077,18.99349976,987690284
11-04-2014,18.85779953,19.00860023,18.46929932,18.55750084,1251461036
17-04-2014,18.63929939,18.84860039,18.26180077,18.74780083,971630800
25-04-2014,18.76210022,20.42819977,18.71279907,20.42639923,1930464032
02-05-2014,20.45709991,21.40819931,20.44820023,21.16349983,1899474724
09-05-2014,21.07640076,21.58609962,20.72599983,20.91220093,1466393348
16-05-2014,20.98180008,21.34029961,20.90710068,21.33959961,1046655680
23-05-2014,21.35180092,21.95459938,21.33320045,21.93320084,1182678588
30-05-2014,21.99570084,23.0060997,21.98679924,22.60709953,1605050608
06-06-2014,22.64139938,23.25930023,22.23209953,23.05599976,1652049952
13-06-2014,23.17499924,23.76250076,22.71999931,22.81999969,1172588124
20-06-2014,22.87750053,23.1875,22.72500038,22.72750092,940909908
27-06-2014,22.82999992,23,22.41250038,22.99500084,865028724
03-07-2014,23.02499962,23.52499962,23.02249908,23.50749969,556677324
11-07-2014,23.53499985,24.20000076,23.37999916,23.80500031,927319348
18-07-2014,23.96500015,24.27499962,23.14249992,23.60750008,997178328
25-07-2014,23.74749947,24.46999931,23.43000031,24.41769981,1105565112
01-08-2014,24.45499992,24.86000061,23.70249939,24.03249931,947298872
08-08-2014,24.09250069,24.14500046,23.31999969,23.68499947,892102084
15-08-2014,23.81749916,24.54750061,23.70890045,24.49500084,717454128
22-08-2014,24.62249947,25.36750031,24.49500084,25.32999992,989331628
29-08-2014,25.44750023,25.72500038,25.17499924,25.625,955384864
05-09-2014,25.76499939,25.93499947,24.44750023,24.74250031,1292640156
12-09-2014,24.82500076,25.77000046,24.03499985,25.41500092,1854276920
19-09-2014,25.70249939,25.76250076,24.72249985,25.23999977,1189411952
26-09-2014,25.45000076,25.73500061,24.43000031,25.1875,1355299764
03-10-2014,24.66250038,25.38500023,24.51000023,24.90500069,990996600
10-10-2014,24.98749924,25.59499931,24.57749939,25.18250084,1121032624
17-10-2014,25.33250046,25.44499969,23.79500008,24.41749954,1434158964
24-10-2014,24.5788002,26.37249947,24.55500031,26.30500031,1434131676
31-10-2014,26.21249962,27.01000023,26.17499924,27,880922428
07-11-2014,27.05500031,27.57500076,26.93000031,27.25250053,799811248
14-11-2014,27.25499916,28.54750061,27.10000038,28.54500008,820666720
21-11-2014,28.56749916,29.39249992,28.32500076,29.11750031,933658740
28-11-2014,29.21249962,29.9375,29.15500069,29.73250008,727750208
05-12-2014,29.70249939,29.8125,27.81749916,28.75,1066804352
12-12-2014,28.52499962,28.71249962,27.33749962,27.43250084,1039751680
19-12-2014,27.67499924,28.30999947,26.56500053,27.94499969,1315426304
26-12-2014,28.04000092,28.62999916,27.99250031,28.49749947,477586120
02-01-2015,28.44750023,28.69249916,26.83749962,27.33250046,608353496
09-01-2015,27.07250023,28.3125,26.15749931,28.00250053,1133010460
16-01-2015,28.14999962,28.20000076,26.29999924,26.49749947,1216906588
23-01-2015,26.95999908,28.4375,26.625,28.24500084,794948164
30-01-2015,28.43499947,30,27.25749969,29.29000092,1863370736
06-02-2015,29.51250076,30.12750053,29.02000046,29.73250008,1083029616
13-02-2015,29.63750076,31.87000084,29.60750008,31.77000046,1212827140
20-02-2015,31.87249947,32.375,31.72999954,32.37369919,777419768
27-02-2015,32.50500107,33.40000153,31.65250015,32.11500168,1472865448
06-03-2015,32.3125,32.56999969,31.44000053,31.64999962,987753968
13-03-2015,31.98999977,32.39250183,30.40749931,30.89749908,1306056180
20-03-2015,30.96999931,32.31129837,30.71750069,31.47500038,1066691900
27-03-2015,31.78000069,32.00999832,30.64999962,30.8125,837304700
02-04-2015,31.01250076,31.62249947,30.77499962,31.32999992,648127164
10-04-2015,31.11750031,32.03039932,31.08250046,31.77499962,728829652
17-04-2015,32.09249878,32.14250183,31.11499977,31.1875,684744672
24-04-2015,31.39249992,32.65750122,31.29249954,32.56999969,829762716
01-05-2015,33.07749939,33.63499832,31.14500046,32.23749924,1683889284
08-05-2015,32.375,32.64250183,30.84000015,31.90500069,1087567924
15-05-2015,31.84749985,32.37250137,31.20499992,32.19250107,833206056
22-05-2015,32.09500122,33.24250031,32.09000015,33.13499832,869189704
29-05-2015,33.15000153,33.22750092,32.27999878,32.56999969,792594268
05-06-2015,32.79999924,32.84749985,32.09000015,32.16249847,683363536
12-06-2015,32.22499847,32.54499817,31.40500069,31.79249954,880458356
19-06-2015,31.52499962,32.07749939,31.42749977,31.64999962,794101020
26-06-2015,31.87249947,32.45000076,31.62750053,31.6875,782376016
02-07-2015,31.36499977,31.73500061,31.12000084,31.61000061,603927488
10-07-2015,31.23500061,31.55750084,29.80500031,30.81999969,1102873472
17-07-2015,31.25749969,32.40499878,31.07999992,32.40499878,756980136
24-07-2015,32.74250031,33.24250031,30.49749947,31.125,1377076084
31-07-2015,30.77249908,30.97750092,30.22750092,30.32500076,766394044
07-08-2015,30.375,30.64249992,28.02499962,28.87999916,1540002596
14-08-2015,29.13249969,29.99749947,27.40749931,28.98999977,1380741304
21-08-2015,29.01000023,29.41250038,26.41119957,26.44000053,1282036224
28-08-2015,23.71750069,28.32749939,23,28.32250023,2001451860
04-09-2015,28.00749969,28.63249969,26.84000015,27.31749916,1192776776
11-09-2015,27.91250038,28.55249977,27.44249916,28.55249977,1010650936
18-09-2015,29.14500046,29.22249985,27.96750069,28.36249924,1109104028
25-09-2015,28.41749954,29.17250061,28.09250069,28.67749977,970784964
02-10-2015,28.46249962,28.64249992,26.82749939,27.59499931,1255585144
09-10-2015,27.46999931,28.06999969,27.05249977,28.03000069,1049731948
16-10-2015,28.18250084,28.1875,27.38999939,27.76000023,739539880
23-10-2015,27.70000076,29.80699921,27.52750015,29.77000046,888299572
30-10-2015,29.52000046,30.30500031,28.49749947,29.875,1289448484
06-11-2015,29.96750069,30.95499992,29.90250015,30.26499939,780813024
13-11-2015,30.23999977,30.45249939,28.06749916,28.08499908,866221156
20-11-2015,27.84499931,29.97999954,27.75,29.82500076,759925012
27-11-2015,29.81749916,29.93250084,29.28000069,29.45249939,438881812
04-12-2015,29.49749947,29.85250092,28.55500031,29.75749969,827062980
11-12-2015,29.74500084,29.96500015,28.21269989,28.29500008,755415776
18-12-2015,28.04500008,28.20000076,26.45249939,26.50749969,1263165340
24-12-2015,26.81999969,27.25,26.39249992,27.00749969,506536044
31-12-2015,26.89749908,27.35750008,26.20499992,26.31500053,495046184
08-01-2016,25.65250015,26.46249962,24.10750008,24.23999977,1375160844
15-01-2016,24.74250031,25.29750061,23.84000015,24.28249931,1217349012
22-01-2016,24.60250092,25.36499977,23.35499954,25.35499954,973536372
29-01-2016,25.37999916,25.38249969,23.09749985,24.33499908,1521346120
05-02-2016,24.11750031,24.33250046,23.42250061,23.50499916,868619064
12-02-2016,23.28249931,24.08749962,23.14749908,23.49749947,924489052
19-02-2016,23.75499916,24.72249985,23.65250015,24.01000023,673265260
26-02-2016,24.07749939,24.50589943,23.32999992,24.22750092,636211704
04-03-2016,24.21500015,25.9375,24.16250038,25.75250053,807215304
11-03-2016,25.59749985,25.70750046,25.03750038,25.56500053,622404784
18-03-2016,25.47750092,26.625,25.44499969,26.47999954,728292660
24-03-2016,26.48250008,26.91250038,26.22249985,26.41749954,479134012
01-04-2016,26.5,27.60499954,26.21999931,27.49749947,591860012
08-04-2016,27.60499954,28.04750061,27.03030014,27.16500092,582890172
15-04-2016,27.24250031,28.09749985,27.16500092,27.46249962,649240204
22-04-2016,27.22249985,27.23749924,26.15500069,26.42000008,756212064
29-04-2016,26.25,26.41250038,23.12750053,23.43499947,1397696252
06-05-2016,23.49119949,23.97500038,22.96249962,23.18000031,902428968
13-05-2016,23.25,23.44249916,22.36750031,22.62999916,864199344
20-05-2016,23.09749985,23.85750008,22.91250038,23.80500031,850828616
27-05-2016,23.96750069,25.18250084,23.91749954,25.08749962,817893296
03-06-2016,24.89999962,25.10000038,24.15749931,24.47999954,560707940
10-06-2016,24.49749947,25.47249985,24.38750076,24.70750046,499457500
17-06-2016,24.67250061,24.78000069,23.82500076,23.83250046,766930796
24-06-2016,24,24.22249985,23.16250038,23.35000038,826915696
01-07-2016,23.25,24.11619949,22.875,23.97249985,741844016
08-07-2016,23.84749985,24.22249985,23.59250069,24.17000008,450823844
15-07-2016,24.1875,24.82500076,24.18250084,24.69499969,571642264
22-07-2016,24.67499924,25.25,24.57749939,24.66500092,590261824
29-07-2016,24.5625,26.13750076,24.10499954,26.05249977,1026284360
05-08-2016,26.10250092,26.91250038,26,26.87000084,680596480
12-08-2016,26.87999916,27.23500061,26.79000092,27.04500008,498023476
19-08-2016,27.03499985,27.55750084,27.02000046,27.34000015,529485632
26-08-2016,27.21500015,27.32999992,26.57749939,26.73500061,494422076
02-09-2016,26.65500069,27,26.375,26.93250084,532002496
09-09-2016,26.97500038,27.19000053,25.78249931,25.78249931,675214916
16-09-2016,25.66250038,29.03249931,25.63249969,28.72999954,1561237464
23-09-2016,28.79750061,29.04500008,27.88750076,28.17749977,804382540
30-09-2016,27.90999985,28.65999985,27.88750076,28.26250076,625536140
07-10-2016,28.17749977,28.63999939,28.06999969,28.51499939,504117760
14-10-2016,28.75499916,29.67250061,28.68000031,29.40749931,834833532
21-10-2016,29.33250046,29.55249977,28.45000076,29.14999962,462125736
28-10-2016,29.27499962,29.59000015,28.32749939,28.43000031,840902276
04-11-2016,28.41250038,28.55750084,27.02750015,27.20999908,625386072
11-11-2016,27.52000046,27.93000031,26.45750046,27.10750008,829075916
18-11-2016,26.92749977,27.63500023,26.02000046,27.51499939,793365824
25-11-2016,27.53000069,28.10499954,27.50250053,27.94750023,376529684
02-12-2016,27.85750008,28.11619949,27.21249962,27.47500038,621999400
09-12-2016,27.5,28.67499924,27.0625,28.48749924,607958656
16-12-2016,28.32250023,29.18250084,28.12249947,28.99250031,780062800
23-12-2016,28.95000076,29.375,28.89749908,29.12999916,453291564
30-12-2016,29.12999916,29.50419998,28.85750008,28.95499992,339314124
06-01-2017,28.95000076,29.54000092,28.69000053,29.47750092,415381872
13-01-2017,29.48749924,29.98250008,29.48500061,29.76000023,555243040
20-01-2017,29.58499908,30.125,29.55500031,30,465391948
27-01-2017,30,30.61000061,29.875,30.48749924,498993796
03-02-2017,30.23250008,32.62250137,30.15500069,32.27000046,999124992
10-02-2017,32.28250122,33.23500061,32.22499847,33.02999878,545796616
17-02-2017,33.27000046,34.06750107,33.1875,33.93000031,546669984
24-02-2017,34.05749893,34.36999893,33.81999969,34.16500092,351635436
03-03-2017,34.28499985,35.06959915,34.06999969,34.94499969,511747904
10-03-2017,34.84130096,34.99499893,34.26250076,34.78499985,398689128
17-03-2017,34.71250153,35.25500107,34.70500183,34.99750137,486158024
24-03-2017,35.09999847,35.70000076,34.93249893,35.15999985,518695916
31-03-2017,34.84749985,36.125,34.65499878,35.91500092,508035028
07-04-2017,35.92750168,36.36500168,35.76250076,35.83499908,421664616
13-04-2017,35.90000153,35.96979904,35.01499939,35.26250076,349942612
21-04-2017,35.36999893,35.72999954,35.11249924,35.56750107,356994012
28-04-2017,35.875,36.22499847,35.79499817,35.91249847,364615120
05-05-2017,36.27500153,37.24499893,36.06750107,37.24000168,701407072
12-05-2017,37.25749969,39.10499954,37.25749969,39.02500153,693882172
19-05-2017,39.00249863,39.16249847,37.42750168,38.26499939,629419512
26-05-2017,38.5,38.72499847,38.16749954,38.40250015,413070788
02-06-2017,38.35499954,38.86249924,38.05500031,38.86249924,355011272
09-06-2017,38.58499908,38.99499893,36.50500107,37.24499893,636638760
16-06-2017,36.43500137,36.875,35.54999924,35.56750107,882121892
23-06-2017,35.91500092,36.79000092,35.91500092,36.56999969,533011644
30-06-2017,36.79249954,37.06999969,35.56999969,36.00500107,508240636
07-07-2017,36.22000122,36.32500076,35.60250092,36.04499817,316711596
14-07-2017,36.02750015,37.33250046,35.84249878,37.25999832,444353536
21-07-2017,37.20500183,37.93500137,37.14250183,37.56750107,424326380
28-07-2017,37.64500046,38.49750137,36.82500076,37.375,423272132
04-08-2017,37.47499847,39.9375,37.03250122,39.09749985,691234052
11-08-2017,39.26499939,40.45750046,38.65750122,39.36999893,605076464
18-08-2017,39.83000183,40.62749863,39.18000031,39.375,538513868
25-08-2017,39.375,40.18500137,38.77750015,39.96500015,450684700
01-09-2017,40.03499985,41.23500061,39.98249817,41.01250076,504514452
08-09-2017,40.9375,41.0625,39.63249969,39.65750122,406912308
15-09-2017,40.125,40.99000168,39.47750092,39.97000122,884310224
22-09-2017,40.02750015,40.125,37.63999939,37.97249985,744754140
29-09-2017,37.49750137,38.67969894,37.29000092,38.52999878,619427492
06-10-2017,38.56499863,38.87250137,38.11500168,38.82500076,375136848
13-10-2017,38.95249939,39.5,38.77500153,39.24750137,325219276
20-10-2017,39.47499847,40.21749878,38.75500107,39.0625,504204812
27-10-2017,39.22249985,40.90000153,38.81750107,40.76250076,489613136
03-11-2017,40.97249985,43.56499863,40.93000031,43.125,860709464
10-11-2017,43.09130096,44.06000137,42.93000031,43.66749954,553701656
17-11-2017,43.375,43.625,42.09500122,42.53749847,465838660
24-11-2017,42.57249832,43.875,42.38999939,43.74250031,324037360
01-12-2017,43.76250076,43.77000046,41.79000092,42.76250076,680393896
08-12-2017,43.11999893,43.15499878,41.61500168,42.34249878,549924312
15-12-2017,42.29999924,43.54249954,42.19749832,43.49250031,556589136
22-12-2017,43.72000122,44.29999924,43.3125,43.75249863,470530200
29-12-2017,42.70000076,42.96250153,42.30500031,42.30749893,388655432
05-01-2018,42.54000092,43.84249878,42.31499863,43.75,404673792
12-01-2018,43.58750153,44.34000015,43.25,44.27249908,440789868
19-01-2018,44.47499847,45.02500153,43.76750183,44.61500168,510284808
26-01-2018,44.32500076,44.86000061,42.51499939,42.87749863,766299208
02-02-2018,42.54000092,42.54000092,40.02500153,40.125,1051968532
09-02-2018,39.77500153,40.97000122,37.56000137,39.10250092,1270616256
16-02-2018,39.625,43.70500183,39.37749863,43.10749817,901347588
23-02-2018,43.01250076,43.91249847,42.75249863,43.875,544825852
02-03-2018,44.08750153,45.15380096,43.11249924,44.05250168,808513428
09-03-2018,43.80250168,45,43.56750107,44.99499893,559410412
16-03-2018,45.07249832,45.875,44.40499878,44.50500107,621669808
23-03-2018,44.33000183,44.36750031,41.23500061,41.23500061,690682428
29-03-2018,42.01750183,43.78749847,41.29750061,41.94499969,634123460
06-04-2018,41.97000122,43.55759811,41.11750031,42.09500122,657635252
13-04-2018,42.47000122,43.95999908,42.4612999,43.68249893,512308556
20-04-2018,43.75749969,44.73410034,41.35749817,41.43000031,676953360
27-04-2018,41.70869827,41.72999954,40.15750122,40.58000183,648833724
04-05-2018,40.5326004,46.0625,40.45999908,45.95750046,1011222672
11-05-2018,46.29499817,47.59249878,45.91619873,47.14749908,593067804
18-05-2018,47.25249863,47.38249969,46.27500153,46.57749939,396995008
25-05-2018,47,47.41249847,46.43999863,47.14500046,377579376
01-06-2018,46.90000153,47.56499863,46.53499985,47.56000137,368519700
08-06-2018,47.90869904,48.54999924,47.44250107,47.92499924,467078940
15-06-2018,47.83750153,48.22000122,47.06499863,47.20999908,560748912
22-06-2018,46.97000122,47.30500031,45.86249924,46.22999954,502417464
29-06-2018,45.84999847,46.81999969,45.18249893,46.27750015,486482104
06-07-2018,45.95500183,47.10850143,45.85499954,46.99250031,263102568
13-07-2018,47.375,47.95999908,46.90250015,47.83250046,340352704
20-07-2018,47.88000107,48.16249847,47.29999924,47.86000061,351855232
27-07-2018,47.66999817,48.99000168,47.38999939,47.74499893,378454728
03-08-2018,47.97499847,52.18500137,47.26750183,51.99750137,896758788
10-08-2018,52,52.44499969,51.13000107,51.88249969,486568356
17-08-2018,51.92499924,54.48749924,51.92499924,54.39500046,557495272
24-08-2018,54.52500153,54.79499817,53.45999908,54.04000092,451300644
31-08-2018,54.28749847,57.21749878,54.08250046,56.90750122,650762580
07-09-2018,57.10250092,57.41749954,55.17750168,55.32500076,530531512
14-09-2018,55.23749924,57.08750153,54.11750031,55.95999908,792999632
21-09-2018,55.53749847,55.73749924,53.82500076,54.41500092,874984880
28-09-2018,54.20500183,56.61000061,54.15750122,56.43500137,517372136
05-10-2018,56.98749924,58.36750031,55.14500046,56.07249832,570664936
12-10-2018,55.55250168,56.81750107,53.08000183,55.52750015,768030996
19-10-2018,55.29000092,55.74750137,53.25,54.82749939,594081632
26-10-2018,54.94749832,56.05749893,53.16749954,54.07500076,742396936
02-11-2018,54.79750061,55.59000015,51.35749817,51.86999893,1082425108
09-11-2018,51.07500076,52.52999878,49.54249954,51.11750031,764797480
16-11-2018,49.75,49.96250153,46.48249817,48.38249969,968905860
23-11-2018,47.5,47.67499924,43.02500153,43.07249832,657977204
30-11-2018,43.56000137,45.70000076,42.56499863,44.64500046,854999908
07-12-2018,46.11500168,46.23500061,42.07500076,42.12250137,670089300
14-12-2018,41.25,43.14250183,40.83250046,41.36999893,870147480
21-12-2018,41.36249924,42.08750153,37.40750122,37.68249893,1150776324
28-12-2018,37.03749847,39.63000107,36.64749908,39.05749893,764641060
04-01-2019,39.63249969,39.84000015,35.5,37.06499863,887849872
11-01-2019,37.17499924,38.63249969,36.47499847,38.07249832,814824280
18-01-2019,37.71250153,39.47000122,37.30500031,39.20500183,621165596
25-01-2019,39.10250092,39.53250122,37.92499924,39.43999863,450055928
01-02-2019,38.94749832,42.25,38.41500092,41.63000107,809187456
08-02-2019,41.85250092,43.89250183,41.81999969,42.60250092,605593828
15-02-2019,42.76250076,43.11999893,42.3125,42.60499954,448918968
22-02-2019,42.42750168,43.33000183,42.37250137,43.24250031,325000048
01-03-2019,43.54000092,43.96749878,43.18249893,43.74250031,483522164
08-03-2019,43.92250061,44.4375,42.375,43.22750092,467118952
15-03-2019,43.87250137,46.83250046,43.83750153,46.52999878,632534248
22-03-2019,46.45000076,49.42250061,46.18249893,47.76250076,729373340
29-03-2019,47.87749863,48.22000122,46.14500046,47.48749924,671354328
05-04-2019,47.90999985,49.27500153,47.09500122,49.25,446161780
12-04-2019,49.10499954,50.71250153,49.05250168,49.71749878,528026792
18-04-2019,49.64500046,51.03749847,49.50249863,50.96500015,385342308
26-04-2019,50.70750046,52.11999893,50.52999878,51.07500076,389981812
03-05-2019,51.09999847,53.82749939,49.77750015,52.9375,745822676
10-05-2019,51.07249832,52.20999908,48.19250107,49.29499817,694654536
17-05-2019,46.92750168,48.11719894,45.71250153,47.25,745661888
24-05-2019,45.88000107,47,44.45249939,44.74250031,627880464
31-05-2019,44.72999954,45.14749908,43.74750137,43.76750183,418765284
07-06-2019,43.90000153,47.97999954,42.56750107,47.53749847,617392644
14-06-2019,47.95249939,49.19749832,47.57500076,48.18500137,447372084
21-06-2019,48.22499847,50.21250153,48.04249954,49.69499969,526635840
28-06-2019,49.63499832,50.39250183,48.82249832,49.47999954,469474504
05-07-2019,50.79249954,51.27000046,50.16249847,51.05749893,291518076
12-07-2019,50.20249939,51.09749985,49.60250092,50.82500076,406403340
19-07-2019,51.02249908,51.625,50.59000015,50.64749908,349732616
26-07-2019,50.91249847,52.43249893,50.90250015,51.93500137,348612580
02-08-2019,52.11500168,55.34249878,50.40750122,51.00500107,879082048
09-08-2019,49.49750137,50.88249969,48.14500046,50.24750137,692845700
16-08-2019,49.90499878,53.03499985,49.78749847,51.625,653064420
23-08-2019,52.65499878,53.6086998,50.25,50.65999985,568267412
30-08-2019,51.46500015,52.61249924,50.83000183,52.18500137,438311792
06-09-2019,51.60749817,53.60499954,51.05500031,53.31499863,330342688
13-09-2019,53.70999908,56.60499954,52.76750183,54.6875,701467772
20-09-2019,54.43249893,55.93999863,54.36830139,54.43249893,581410688
27-09-2019,54.73749924,55.62250137,54.28499985,54.70500183,471138472
04-10-2019,55.22499847,57.05500031,53.78300095,56.75249863,653524968
11-10-2019,56.56750107,59.40999985,56.08250046,59.05250168,600618348
18-10-2019,58.72499847,59.53359985,58.29999924,59.10250092,433562896
25-10-2019,59.38000107,61.68249893,59.33000183,61.64500046,405078320
01-11-2019,61.85499954,63.98249817,59.31499863,63.95500183,654221936
08-11-2019,64.33249664,65.11000061,63.84130096,65.03500366,424056324
15-11-2019,64.57499695,66.44499969,64.56999969,66.44000244,462646000
22-11-2019,66.44999695,67,65.09999847,65.44499969,456241816
29-11-2019,65.67749786,67,65.625,66.8125,301619536
06-12-2019,66.81749725,67.75,64.07250214,67.67749786,460360168
13-12-2019,67.5,68.82499695,66.22750092,68.78749847,569633068
20-12-2019,69.25,70.66249847,69.24500275,69.86000061,733365120
27-12-2019,70.13249969,73.49250031,70.09339905,72.44999695,386898148
03-01-2020,72.36499786,75.15000153,71.30500031,74.35749817,527411924
10-01-2020,73.44750214,78.16750336,73.1875,77.58249664,673808236
17-01-2020,77.91000366,79.68499756,77.38749695,79.68250275,653269728
24-01-2020,79.29750061,80.83249664,78.91249847,79.57749939,463685208
31-01-2020,77.51499939,81.96250153,76.22000122,77.37750244,867105292
07-02-2020,76.07499695,81.30500031,75.55500031,80.00749969,652538600
14-02-2020,78.54499817,81.80500031,78.46250153,81.23750305,492263628
21-02-2020,78.83999634,81.16249847,77.625,78.26249695,477017760
28-02-2020,74.31500244,76.04499817,64.09249878,68.33999634,1399072936
06-03-2020,70.56999969,76,69.43000031,72.25749969,1293800896
13-03-2020,65.9375,71.61000061,62,69.49250031,1617620988
20-03-2020,60.48749924,64.76999664,57,57.31000137,1620263348
27-03-2020,57.02000046,64.66999817,53.15250015,61.93500137,1384663252
03-04-2020,62.68500137,65.62249756,59.22499847,60.35250092,837011036
09-04-2020,62.72499847,67.92500305,62.34500122,66.99749756,735719384
17-04-2020,67.07749939,72.0625,66.45749664,70.69999695,829547248
24-04-2020,69.48750305,70.75250244,66.35749817,70.74250031,679387000
01-05-2020,70.44999695,74.75,69.55000305,72.26750183,790053708
08-05-2020,72.29250336,77.58750153,71.57929993,77.53250122,672915872
15-05-2020,77.02500153,79.92199707,75.05249786,76.92749786,834147304
22-05-2020,78.29250336,80.22250366,77.58100128,79.72250366,533098760
29-05-2020,80.875,81.05999756,78.27249908,79.48500061,525861452
05-06-2020,79.4375,82.9375,79.30249786,82.875,497963208
12-06-2020,82.5625,88.69249725,81.83000183,84.69999695,811827156
19-06-2020,83.3125,89.13999939,83.14499664,87.43000031,779940344
26-06-2020,87.83499908,93.09500122,87.78749847,88.40750122,883003492
02-07-2020,88.3125,92.61750031,87.81999969,91.02749634,495648064
10-07-2020,92.5,96.31749725,92.46749878,95.91999817,564071916
17-07-2020,97.26499939,99.95500183,93.87750244,96.32749939,718601008
24-07-2020,96.41629791,99.25,89.14499664,92.61499786,665408692
31-07-2020,93.70999908,106.4150009,93.24749756,106.2600021,847594436
07-08-2020,108.1999969,114.4120026,107.8929977,111.112999,1003410220
14-08-2020,112.5999985,116.0429993,109.1070023,114.9079971,941897892
21-08-2020,116.0619965,124.8679962,113.9629974,124.3700027,835694820
28-08-2020,128.6970062,128.7850037,123.052002,124.8079987,1063638124
04-09-2020,127.5800018,137.9799957,110.8899994,120.9599991,1168498624
11-09-2020,113.9499969,120.5,110,112,771441734
18-09-2020,114.7200012,118.8290024,106.0899963,106.8399963,944934651
25-09-2020,104.5400009,112.8600006,103.0999985,112.2799988,847212649
02-10-2020,115.0100021,117.7200012,112.2200012,113.0199966,641240539
09-10-2020,113.9100037,117,112.25,116.9700012,548575054
16-10-2020,120.0599976,125.3899994,118.1500015,119.0199966,881572555
23-10-2020,119.9599991,120.4189987,114.2799988,115.0400009,519569644
30-10-2020,114.0100021,117.2799988,107.7200012,108.8600006,684767901
06-11-2020,109.1100006,119.6200027,107.3199997,118.6900024,609571825
13-11-2020,120.5,121.9899979,114.1299973,119.2600021,589872919
20-11-2020,118.9199982,120.9899979,116.8099976,117.3399963,389493361
27-11-2020,117.1800003,117.6200027,112.5899963,116.5899963,365024101
04-12-2020,116.9700012,123.7799988,116.8099976,122.25,543809225
11-12-2020,122.3099976,125.9499969,120.1500015,122.4100037,452278651
18-12-2020,122.5999985,129.5800018,121.5400009,126.6549988,621758148
24-12-2020,125.0199966,134.4049988,123.4489975,131.9700012,433757134
31-12-2020,133.9900055,138.7890015,131.7200012,132.6900024,441102271
08-01-2021,133.5200043,133.6119995,126.3820038,132.0500031,610791157
15-01-2021,129.1900024,131.4499969,126.8600006,127.1399994,483029142
22-01-2021,127.7799988,139.8500061,126.9380035,139.0700073,430065722
29-01-2021,143.0700073,145.0899963,130.2100067,131.9600067,716990967
05-02-2021,133.75,137.4199982,130.9299927,136.7599945,439303018
12-02-2021,136.0299988,137.8769989,133.6920013,135.3699951,345543149
19-02-2021,135.4900055,136.0099945,127.4100037,129.8699951,363187147
26-02-2021,128.0099945,129.7200012,118.3899994,121.2600021,685989279
05-03-2021,123.75,128.7200012,117.5699997,121.4199982,663456753
12-03-2021,120.9300003,123.2099991,116.2099991,121.0299988,586977280
19-03-2021,121.4100037,127.2200012,119.6750031,119.9899979,626770404
26-03-2021,120.3300018,124.2399979,118.9199982,121.2099991,488825826
01-04-2021,121.6500015,124.1800003,118.8600006,123,359904082
09-04-2021,123.8700027,133.0399933,123.0699997,132.9949951,447820438
16-04-2021,132.5200043,135,130.6300049,134.1600037,444178798
23-04-2021,133.5099945,135.5299988,131.3000031,134.3200073,421246935
30-04-2021,134.8300018,137.0700073,131.0650024,131.4600067,501621389
07-05-2021,132.0399933,134.0700073,126.6999969,130.2100067,453802325
14-05-2021,129.4100037,129.5399933,122.25,127.4499969,514165627
21-05-2021,126.8199997,128,122.8600006,125.4300003,386352101
28-05-2021,126.0100021,128.3200073,124.5500031,124.6100006,357615057
04-06-2021,125.0800018,126.1600037,123.1299973,125.8899994,278314493
11-06-2021,126.1699982,128.4600067,124.8320007,127.3499985,327048055
18-06-2021,127.8199997,132.5500031,127.0699997,130.4600067,457142826
25-06-2021,130.3000031,134.6399994,129.2100067,133.1100006,354155878
02-07-2021,133.4100037,140,133.3500061,139.9600067,321360130
09-07-2021,140.0700073,145.6499939,140.0700073,145.1100006,418559640
16-07-2021,146.2100067,150,143.6300049,146.3899994,504249326
23-07-2021,143.75,148.7180023,141.6699982,148.5599976,441563639
30-07-2021,148.2700043,149.8300018,142.5399933,145.8600006,423323959
06-08-2021,146.3600006,148.0449982,145.1799927,146.1399994,284559337
13-08-2021,146.1999969,149.4440002,145.3000031,149.1000061,299579355
20-08-2021,148.5350037,151.6799927,144.5,148.1900024,429624447
27-08-2021,148.3099976,150.8600006,146.8300018,148.6000061,272129118
03-09-2021,149,154.9799957,148.6100006,154.3000031,386760934
10-09-2021,154.9700012,157.2599945,148.6999969,148.9700012,354897433
17-09-2021,150.6300049,151.4199982,145.7599945,146.0599976,492884912
24-09-2021,143.8000031,147.4700012,141.2700043,146.9199982,394033205
01-10-2021,145.4700012,145.9600067,139.1100006,142.6499939,441421358
08-10-2021,141.7599945,144.2149963,138.2700043,142.8999939,382910000
15-10-2021,142.2700043,144.8950043,139.1999969,144.8399963,354098233
22-10-2021,143.4450073,150.1799927,143.1600037,148.6900024,340691290
29-10-2021,148.6799927,153.1649933,146.4129944,149.8000031,392739936
05-11-2021,148.9850006,152.4299927,147.8000031,151.2799988,324080278
12-11-2021,151.4100037,151.5700073,147.4799957,149.9900055,281799848
19-11-2021,150.3699951,161.0200043,149.3399963,160.5500031,462419283
26-11-2021,161.6799927,165.6999969,156.3600006,156.8099976,359933163
03-12-2021,159.3699951,170.3000031,157.8000031,161.8399963,669981566
10-12-2021,164.2899933,179.6300049,164.2799988,179.4499969,569227705
17-12-2021,181.1150055,182.1300049,169.6900024,171.1399994,769789942
23-12-2021,168.2799988,176.8500061,167.4600067,176.2799988,359176889
31-12-2021,177.0850067,181.3300018,177.0700073,177.5700073,340248127
07-01-2022,177.8300018,182.9400024,171.0299988,172.1699982,482162362
14-01-2022,169.0800018,177.1799927,168.1699982,173.0700073,422655577
21-01-2022,171.5099945,172.5399933,162.3000031,162.4100037,400253092
28-01-2022,160.0200043,170.3500061,154.6999969,170.3300018,688670659
04-02-2022,170.1600037,176.2400055,169.5099945,172.3899994,458553231
11-02-2022,172.8600006,176.6499939,168.0399933,168.6399994,412902045
18-02-2022,167.3699951,173.3399963,166.1900024,167.3000031,364011266
25-02-2022,164.9799957,166.6900024,152,164.8500061,414293767
04-03-2022,163.0599976,168.9100037,161.9700012,163.1699982,418753837
11-03-2022,163.3600006,165.0200043,154.5,154.7299957,521334165
18-03-2022,151.4499969,164.4799957,150.1000061,163.9799957,503123638
25-03-2022,163.5099945,175.2799988,163.0149994,174.7200012,446083607
01-04-2022,172.1699982,179.6100006,171.9400024,174.3099976,465395123
08-04-2022,174.5700073,178.4900055,169.1999969,170.0899963,393176709
14-04-2022,168.7100067,171.2700043,165.0399933,165.2899933,297460188
22-04-2022,163.9199982,171.5299988,161.5,161.7899933,376787780
29-04-2022,161.1199951,166.1999969,155.3800049,157.6499939,541697170
06-05-2022,156.7100067,166.4799957,153.2700043,157.2799988,566928216
13-05-2022,154.9250031,156.7400055,138.8000031,147.1100006,686227375
20-05-2022,145.5500031,149.7700043,132.6100006,137.5899963,548244690
27-05-2022,137.7899933,149.6799927,137.1399994,149.6399994,495921758
03-06-2022,149.0700073,151.7400055,144.4600067,145.3800049,338923395
10-06-2022,147.0299988,149.8699951,137.0599976,137.1300049,354396344
17-06-2022,132.8699951,137.3399963,129.0399933,131.5599976,541006195
24-06-2022,133.4199982,141.9100037,133.3200073,141.6600037,315960327
01-07-2022,142.6950073,143.4900055,133.7740021,138.9299927,373781666
08-07-2022,137.7700043,147.5500031,136.9299927,147.0399933,278295402
15-07-2022,145.6699982,150.8600006,142.1199951,150.1699982,366480107
22-07-2022,150.7400055,156.2799988,146.6999969,154.0899963,360988692
29-07-2022,154.0099945,163.6300049,150.8000031,162.5099945,370548915
05-08-2022,161.0099945,167.1900024,159.6300049,165.3500061,322415021
12-08-2022,166.3699951,172.1699982,163.25,172.1000061,318856922
19-08-2022,171.5200043,176.1499939,171.3099976,171.5200043,322647151
26-08-2022,169.6900024,171.0500031,163.5599976,163.6199951,307194601
02-09-2022,161.1450043,162.8999939,154.6699982,155.8099976,390398905
09-09-2022,156.4700012,157.8200073,152.6799927,157.3699951,314169270
16-09-2022,159.5899963,164.2599945,148.3699951,150.6999969,568337936
23-09-2022,149.3099976,158.7400055,148.5599976,150.4299927,473543283
30-09-2022,149.6600037,154.7200012,138,138.1999969,577537048
07-10-2022,138.2100067,147.5399933,137.6849976,140.0899963,435940423
14-10-2022,140.4199982,144.5200043,134.3699951,138.3800049,424188362
21-10-2022,141.0650024,147.8480072,140.2700043,147.2700043,397216487
28-10-2022,147.1849976,157.5,144.1300049,155.7400055,513092901
04-11-2022,153.1549988,155.4499969,134.3800049,138.3800049,510660451
11-11-2022,137.1100006,150.0099945,134.5930023,149.6999969,461034592
18-11-2022,148.9700012,153.5899963,146.1499939,151.2899933,382679685
25-11-2022,150.1600037,151.8300018,146.9250031,148.1100006,204025457
02-12-2022,145.1399994,149.1300049,140.3549957,147.8099976,401189067
09-12-2022,147.7700043,150.9199982,140,142.1600037,341500071
16-12-2022,142.6999969,149.9689941,133.7299957,134.5099945,505728804
23-12-2022,135.1100006,136.8099976,129.6399994,131.8600006,384620427
30-12-2022,131.3800049,131.4100037,125.8700027,129.9299927,307184140
06-01-2023,130.2799988,130.8999939,124.1699982,129.6199951,369948527
13-01-2023,130.4649963,134.9199982,128.1199951,134.7599945,333335284
20-01-2023,134.8300018,138.6100006,133.7700043,137.8699951,271823466
27-01-2023,138.1199951,147.2299957,137.8999939,145.9299927,338655715
03-02-2023,144.9550018,157.3800049,141.3200073,154.5,480249683
10-02-2023,152.5749969,155.2299957,149.2200012,151.0099945,330758787
17-02-2023,150.9519958,156.3300018,150.8500061,152.5500031,316887898
24-02-2023,150.1999969,151.3000031,145.7200012,146.7100067,213742390
03-03-2023,147.7100067,151.1100006,143.8999939,151.0299988,274036517
10-03-2023,153.7850037,156.3000031,147.6100006,148.5,313350829
17-03-2023,147.8049927,156.7400055,147.6999969,155,410519933
24-03-2023,155.0700073,162.1399994,154.1499939,160.25,350159914
31-03-2023,159.9400024,165,155.9799957,164.8999939,267939590
06-04-2023,164.2700043,166.8399963,161.8000031,164.6600037,200156349
14-04-2023,161.4199982,166.3200073,159.7799988,165.2100067,263326290
21-04-2023,165.0899963,168.1600037,164.0299988,165.0200043,249953109
28-04-2023,165,169.8500061,162.8000031,169.6799927,256340620
05-05-2023,169.2799988,174.3000031,164.3099976,173.5700073,360723248
12-05-2023,172.4799957,174.5899963,171,172.5700073,250061982
19-05-2023,173.1600037,176.3899994,170.4199982,175.1600037,258634688
26-05-2023,173.9799957,175.7700043,170.5200043,175.4299927,250354916
02-06-2023,176.9600067,181.7799988,176.5700073,180.9499969,286488411
09-06-2023,182.6300049,184.951004,177.3200073,180.9600067,347854340
16-06-2023,181.2700043,186.9900055,180.9700012,184.9199982,333836397
23-06-2023,184.4100037,187.5599976,182.5899963,186.6799927,203677112
30-06-2023,186.8300018,194.4799957,185.2299957,193.9700012,281596832
07-07-2023,193.7799988,193.8800049,189.1999969,190.6799927,170349466
14-07-2023,189.2599945,191.6999969,186.6000061,190.6900024,250269110
21-07-2023,191.8999939,198.2299957,191.2299957,191.9400024,310914135
28-07-2023,193.4100037,197.1999969,192.25,195.8300018,226011789
04-08-2023,196.0599976,196.7299957,181.9199982,181.9900055,302694989
11-08-2023,182.1300049,183.1300049,176.5500031,177.7899933,332501087
18-08-2023,177.9700012,179.6900024,171.9600067,174.4900055,261498109
25-08-2023,175.0700073,181.5500031,173.7350006,178.6100006,247514268
01-09-2023,180.0899963,189.9199982,178.5449982,189.4600067,264199503
08-09-2023,188.2799988,189.9799957,173.5399933,178.1799927,305126712
15-09-2023,180.0700073,180.3000031,173.5800018,175.0099945,403746390
22-09-2023,176.4799957,179.6950073,173.8600006,174.7899933,297395196
29-09-2023,174.1999969,176.9700012,167.6199951,171.2100067,285838995
06-10-2023,171.2200012,177.9900055,170.8200073,177.4900055,260574027
13-10-2023,176.8500061,182.3399963,175.8099976,178.8500061,62742988
20-10-2023,176.6199951,179.0599976,172.6450043,172.8800049,76755315
27-10-2023,170.9900055,174.0099945,165.6699982,168.2200012,76547143
03-11-2023,169,177.7799988,167.9100037,176.6499939,197894865
10-11-2023,176.3800049,186.5650024,176.2100067,186.3999939,303653020
17-11-2023,185.8200073,190.9600067,184.2100067,189.6900024,262880715
24-11-2023,189.8899994,192.9299927,189.25,189.9700012,130373097
01-12-2023,189.9199982,192.0899963,188.1900024,191.2400055,216481441
08-12-2023,190,195.9900055,187.4600067,195.7100067,222096213
15-12-2023,193.1100006,199.6199951,191.4199982,197.5700073,379414755
22-12-2023,196.0899963,197.6799927,192.9700012,193.6000061,232340846
29-12-2023,193.6100006,194.6600037,191.0899963,192.5299988,153729037
05-01-2024,187.1499939,188.4400024,180.1699982,181.1799927,275266365
12-01-2024,182.0850067,187.0500031,181.5,185.9199982,211114055
19-01-2024,182.1600037,191.9499969,180.3000031,191.5599976,259829213
26-01-2024,192.3000031,196.3800049,191.9400024,192.4199982,255536895
02-02-2024,192.0099945,192.1999969,179.25,185.8500061,325909883
09-02-2024,188.1499939,191.0500031,185.8399963,188.8500061,252715796
16-02-2024,188.4149933,188.6699982,181.3500061,182.3099976,268128941
23-02-2024,181.7899933,185.0399933,180,182.5200043,192607112
01-03-2024,182.2400055,183.9230042,177.3800049,179.6600037,354385890
08-03-2024,176.1499939,176.8999939,168.4949951,170.7299957,293210969
15-03-2024,173,174.3699951,170.2899933,172.6199951,143094566
22-03-2024,175.5700073,178.6699982,170.0599976,172.2799988,326340824
28-03-2024,170.5650024,173.6000061,169.4499969,171.4799957,237622732
05-04-2024,171.1900024,171.9199982,168.2299957,169.5800018,239070908
12-04-2024,169.0299988,178.3600006,167.1100006,176.5500031,322327219
19-04-2024,175.3600006,176.6300049,164.0749969,165,309416498
26-04-2024,165.5149994,171.3399963,164.7700043,169.3000031,241302722
03-05-2024,173.3699951,187,169.1100006,183.3800049,441926366
10-05-2024,182.3540039,185.0899963,180.4199982,183.0500031,300674993
17-05-2024,185.4349976,191.0950012,184.6199951,189.8699951,288966571
24-05-2024,189.3249969,192.822998,186.625,189.9799957,208652122
31-05-2024,191.5099945,193,189.1000061,192.25,230454285
07-06-2024,192.8999939,196.9400024,192.5200043,196.8899994,245994434
14-06-2024,196.8999939,220.1999969,192.1499939,212.4900055,635755143
21-06-2024,213.3699951,218.9499969,207.1100006,207.4900055,506265358
28-06-2024,207.6999969,216.0700073,206.5899963,210.6199951,282205036
05-07-2024,212.0899963,226.4499969,211.9199982,226.3399963,216231316
12-07-2024,227.0899963,233.0800018,223.25,230.5399933,287640514
19-07-2024,236.4799957,237.2299957,222.2700043,224.3099976,278397452
26-07-2024,227.0099945,227.7799988,214.6199951,217.9600067,242932215
02-08-2024,216.9600067,225.6000061,215.75,219.8600006,296061436
09-08-2024,199.0899963,216.7799988,196,216.2400055,342088289
16-08-2024,216.0700073,226.8269958,215.6000061,226.0500031,214898250
23-08-2024,225.7200012,228.3399963,223.0399933,226.8399963,188124897
30-08-2024,226.7599945,232.9199982,223.8910065,229,209486001
06-09-2024,228.5500031,229,217.4799957,220.8200073,179069179
12-09-2024,220.8200073,223.5500031,216.7100067,222.7700043,200856295
